time,latitude,longitude,depth,mag,magType,nst,gap,dmin,rms,net,id,updated,place,type,horizontalError,depthError,magError,magNst,status,locationSource,magSource
2026-08-18T20:25:38.390Z,33.311832427979,-115.45816802978,9.7399997711182,2.5473450512258,ml,64,53,0.1063,0.25999999,ci,ci41529568,2026-08-18T20:27:43.980Z,"10 km NE of Niland, CA",earthquake,0.26,0.689999998,0.25825780630112,24,automatic,ci,ci
2026-08-18T20:15:46.995Z,-8.306,121.2814,56.415,4.8,mb,33,75,3.282,0.66,us,us6000tlqv,2026-08-18T20:32:14.040Z,"72 km NW of Ende, Indonesia",earthquake,10.57,9.336,0.105,28,reviewed,us,us
2026-08-18T19:51:09.478Z,36.5535,70.7551,195.937,5.3,mww,99,22,2.232,0.77,us,us6000tlqq,2026-08-18T20:18:07.405Z,"35 km SSW of Jurm, Afghanistan",earthquake,6.33,6.282,0.075,17,reviewed,us,us
2026-08-18T19:03:12.662Z,60.751,-150.177,44.3,3,ml,111,45,0.4,0.8,ak,aka2026qildly,2026-08-18T19:56:57.097Z,"33 km SE of Point Possession, Alaska",earthquake,1.9,5.1986,0.2,45,automatic,ak,ak
2026-08-18T19:03:07.854Z,-8.2942,121.2432,10,4.9,mww,66,75,3.321,1.01,us,us6000tlqk,2026-08-18T19:45:00.040Z,"76 km NW of Ende, Indonesia",earthquake,6.03,1.853,0.089,12,reviewed,us,us
2026-08-18T18:00:14.145Z,39.3336,-119.013,7.097,2.54,ml,25,73,0.074,0.1354,nn,nn00923448,2026-08-18T18:24:45.385Z,"20 km ESE of Silver Springs, Nevada",earthquake,,0.77,0.19,15,reviewed,nn,nn
2026-08-18T16:33:26.390Z,19.080333333333,-64.8475,33.93,3.42,md,9,255,0.691,0.19,pr,pr71528918,2026-08-18T17:01:10.040Z,"82 km N of Charlotte Amalie, U.S. Virgin Islands",earthquake,2.66,10.76,0.11001615790107,5,reviewed,pr,pr
2026-08-18T15:59:17.630Z,40.865665435791,-123.22383117676,28.079999923706,2.61,md,21,45,0.1069,0.14,nc,nc75420662,2026-08-18T18:17:27.267Z,"28 km WNW of Weaverville, CA",earthquake,0.48,1.14999998,0.14,16,automatic,nc,nc
2026-08-18T15:12:03.666Z,38.4421,-116.5121,6.125,2.77,ml,11,150,0.217,0.1462,nn,nn00923438,2026-08-18T16:27:27.361Z,"75 km ENE of Tonopah, Nevada",earthquake,,1.4632,0.19,5,reviewed,nn,nn
2026-08-18T14:59:46.750Z,40.363834381104,-124.98883056641,0.69999998807907,2.71,md,33,264,0.4998,0.17,nc,nc75420632,2026-08-18T17:07:21.777Z,"60 km W of Petrolia, CA",earthquake,1.7,5.1500001,0.07,12,automatic,nc,nc
2026-08-18T14:18:38.540Z,19.270333333333,-155.405,28.54,2.62,ml,50,81,0.03342,0.13,hv,hv75020262,2026-08-18T18:02:05.420Z,"10 km NE of Pāhala, Hawaii",earthquake,0.41,0.44,0.27221855536504,36,reviewed,hv,hv
2026-08-18T14:10:03.059Z,32.5029,76.6142,45.866,4.3,mb,46,122,3.033,0.65,us,us6000tlnz,2026-08-18T15:31:40.040Z,"39 km WSW of Kyelang, India",earthquake,3.48,7.617,0.097,32,reviewed,us,us
2026-08-18T13:40:35.124Z,51.9189,176.9364,10,3.2,ml,19,186,0.975,1.03,us,us6000tlq9,2026-08-18T18:25:31.040Z,"275 km ESE of Attu Station, Alaska",earthquake,36.27,2.027,0.085,18,reviewed,us,us
2026-08-18T13:12:45.770Z,33.762333333333,-119.214,0.74,2.69,ml,34,87,0.365,0.24,ci,ci41529160,2026-08-18T17:24:57.664Z,"35 km NNW of Santa Barbara Is., CA",earthquake,0.32,1.07,0.13010627588396,117,reviewed,ci,ci
2026-08-18T13:05:16.900Z,53.1173,-166.8684,25.542,3.4,ml,38,212,0.677,0.6,us,us6000tlq8,2026-08-18T18:31:13.040Z,"87 km SSW of Unalaska, Alaska",earthquake,4.17,12.834,0.091,16,reviewed,us,us
2026-08-18T12:32:58.857Z,52.205,176.942,16.3,2.7,ml,9,169,1,0.3,ak,aka2026qhydao,2026-08-18T18:08:06.955Z,"264 km ESE of Attu Station, Alaska",earthquake,28.4,7.6433,0.1,6,reviewed,ak,ak
2026-08-18T12:24:47.110Z,51.899,176.947,5,2.9,ml,10,337,1,0.6,ak,aka2026qhxvyy,2026-08-18T18:07:18.523Z,"276 km ESE of Attu Station, Alaska",earthquake,23.6,0,0.3,8,reviewed,ak,ak
2026-08-18T12:03:50.174Z,-7.9051,120.5751,36.253,4.9,mb,42,62,2.986,0.97,us,us6000tlnv,2026-08-18T14:30:51.040Z,"79 km N of Ruteng, Indonesia",earthquake,4.18,6.484,0.106,28,reviewed,us,us
2026-08-18T12:00:13.955Z,-7.9812,120.6328,35,4.7,mb,41,63,3.075,0.74,us,us6000tlmz,2026-08-18T13:23:06.040Z,"72 km NNE of Ruteng, Indonesia",earthquake,6.23,1.813,0.106,27,reviewed,us,us
2026-08-18T11:31:05.154Z,57.961,-137.699,8.5,2.7,ml,11,202,0.8,0.6,ak,aka2026qhwbjb,2026-08-18T11:32:31.741Z,"84 km WSW of Elfin Cove, Alaska",earthquake,7.7,4.0685,0.6,6,automatic,ak,ak
2026-08-18T11:06:50.913Z,-7.8898,120.3661,10.259,4.7,mb,52,62,2.921,0.72,us,us6000tlmt,2026-08-18T11:47:23.040Z,"80 km N of Ruteng, Indonesia",earthquake,7.51,4.532,0.092,36,reviewed,us,us
2026-08-18T11:00:30.426Z,51.364,-177.872,52.3,2.9,ml,36,203,0.4,0.4,ak,aka2026qhvavz,2026-08-18T18:06:20.772Z,"102 km SW of Adak, Alaska",earthquake,12.5,6.0058,0.2,28,reviewed,ak,ak
2026-08-18T10:58:56.466Z,51.913,176.925,4.6,2.7,ml,8,187,1,0.4,ak,aka2026qhuzmh,2026-08-18T18:05:26.297Z,"274 km ESE of Attu Station, Alaska",earthquake,21.6,3.7246,0.1,6,reviewed,ak,ak
2026-08-18T10:51:56.221Z,51.986,176.286,5,3.3,ml,14,193,1.4,0.5,ak,aka2026qhutkf,2026-08-18T18:01:15.533Z,"231 km ESE of Attu Station, Alaska",earthquake,22.9,0,0.1,12,reviewed,ak,ak
2026-08-18T10:39:43.915Z,37.1061,-3.6598,10,4.7,mb,25,67,2.494,0.7,us,us6000tlmq,2026-08-18T12:20:48.040Z,"1 km WSW of Alhendín, Spain",earthquake,7.7,1.879,0.159,12,reviewed,us,us
2026-08-18T10:27:35.939Z,51.898,176.944,2.6,2.8,ml,12,188,1,0.6,ak,aka2026qhtyhk,2026-08-18T17:59:44.895Z,"276 km ESE of Attu Station, Alaska",earthquake,22.6,3.4968,0.2,10,reviewed,ak,ak
2026-08-18T10:20:49.991Z,51.869,178.268,120.8,2.7,ml,23,163,0.2,0.5,ak,aka2026qhtscl,2026-08-18T18:17:11.545Z,"Rat Islands, Aleutian Islands, Alaska",earthquake,18,2.7825,0.4,19,reviewed,ak,ak
2026-08-18T09:34:37.659Z,37.0875,-3.7084,10,4.6,mb,33,79,2.504,0.58,us,us6000tlmc,2026-08-18T10:12:21.378Z,"5 km ENE of Escúzar, Spain",earthquake,3.2,1.885,0.083,44,reviewed,us,us
2026-08-18T09:04:45.332Z,54.4067,-161.5087,35,3.3,ml,57,189,0.773,0.6,us,us6000tlma,2026-08-18T11:00:13.040Z,"89 km SE of King Cove, Alaska",earthquake,3.15,1.926,0.069,28,reviewed,us,us
2026-08-18T09:02:35.424Z,-24.7429,-177.1264,130.03,4.5,mb,37,132,4.541,0.66,us,us6000tlm6,2026-08-18T10:21:30.040Z,"south of the Fiji Islands",earthquake,12.03,7.805,0.064,73,reviewed,us,us
2026-08-18T09:01:39.508Z,-7.9353,120.4656,33.11,4.8,mb,38,128,2.987,0.59,us,us6000tlm3,2026-08-18T09:39:24.040Z,"74 km N of Ruteng, Indonesia",earthquake,9.77,5.863,0.116,25,reviewed,us,us
2026-08-18T08:37:44.898Z,37.1786,-3.6311,10,4.9,mww,58,62,2.429,1.21,us,us6000tllu,2026-08-18T15:36:03.756Z,"2 km WSW of Granada, Spain",earthquake,6.02,1.863,0.068,21,reviewed,us,us
2026-08-18T08:31:46.120Z,51.918,176.931,10,3.5,ml,18,187,1,0.7,ak,aka2026qhqbyh,2026-08-18T09:19:09.173Z,"275 km ESE of Attu Station, Alaska",earthquake,17.9,0,0.1,14,reviewed,ak,ak
2026-08-18T08:02:38.150Z,18.148166666667,-64.835333333333,16.48,2.53,md,5,121,0.2335,0.2,pr,pr71528888,2026-08-18T10:22:34.650Z,"20 km SSW of Cruz Bay, U.S. Virgin Islands",earthquake,0.57,1.7,0.034213053913425,4,reviewed,pr,pr
2026-08-18T07:48:02.428Z,56.585,-153.987,34.1,2.9,ml,45,188,0.1,0.5,ak,aka2026qhopyy,2026-08-18T09:16:32.270Z,"41 km SSE of Akhiok, Alaska",earthquake,5,3.2541,0.1,34,reviewed,ak,ak
2026-08-18T07:34:58.310Z,36.053665161133,-120.17733001709,10.300000190735,2.54,md,45,108,0.0973,0.12,nc,nc75420487,2026-08-18T10:12:20.903Z,"7 km NW of Avenal, CA",earthquake,0.25,0.389999986,0.21,47,automatic,nc,nc
2026-08-18T07:16:48.146Z,51.561,-174.932,19.9,2.9,ml,25,242,0.7,0.4,ak,aka2026qhnoxx,2026-08-18T09:11:29.902Z,"86 km SW of Atka, Alaska",earthquake,6.7,4.1613,0.2,18,reviewed,ak,ak
2026-08-18T06:45:39.863Z,-4.243,125.9428,381.022,4.3,mb,33,51,3.96,0.96,us,us6000tll0,2026-08-18T07:10:03.040Z,"241 km S of Sanana, Indonesia",earthquake,4.54,9.982,0.106,25,reviewed,us,us
2026-08-18T06:12:12.320Z,52.0286,176.2914,10,3.2,ml,14,190,1.375,0.5,us,us6000tlm2,2026-08-18T14:57:58.040Z,"229 km ESE of Attu Station, Alaska",earthquake,7.77,1.958,0.091,16,reviewed,us,us
2026-08-18T06:03:30.256Z,34.5876,-107.0349,4.921,2.5,ml,35,51,0.234,1.33,us,us6000tlkr,2026-08-18T07:29:25.040Z,"23 km W of Pueblitos, New Mexico",earthquake,3.97,5.33,0.128,8,reviewed,us,us
2026-08-18T06:03:06.847Z,51.9024,176.9585,10,3,ml,13,187,0.963,0.62,us,us6000tlm1,2026-08-18T14:55:43.040Z,"277 km ESE of Attu Station, Alaska",earthquake,5.99,1.981,0.091,16,reviewed,us,us
2026-08-18T06:02:20.229Z,-0.6858,98.416,10,5.6,mww,42,137,2.148,0.96,us,us6000tlkt,2026-08-18T08:11:00.630Z,"154 km SSE of Teluk Dalam, Indonesia",earthquake,8.85,1.891,0.08,15,reviewed,us,us
2026-08-18T05:42:25.134Z,13.9935,-91.927,35.138,4,mb,51,148,2.086,1.13,us,us6000tlkq,2026-08-18T15:00:47.040Z,"33 km S of Champerico, Guatemala",earthquake,7.18,7.756,0.065,63,reviewed,us,us
2026-08-18T05:02:32.244Z,14.2298,-93.1475,10,5.7,mww,51,134,2.261,1.09,us,us6000tlkl,2026-08-18T07:12:45.657Z,"95 km SW of Puerto Madero, Mexico",earthquake,7.91,1.901,0.038,68,reviewed,us,us
2026-08-18T04:49:46.630Z,18.829833333333,-64.656833333333,16.19,2.98,md,4,275,0.4089,0.03,pr,pr71528893,2026-08-18T10:32:17.340Z,"57 km NNE of Cruz Bay, U.S. Virgin Islands",earthquake,0.84,1.6,0.038768166888535,3,reviewed,pr,pr
2026-08-18T04:33:58.088Z,51.291,-174.251,20,3.2,ml,26,276,1,0.8,ak,aka2026qhidrc,2026-08-18T08:57:22.561Z,"100 km S of Atka, Alaska",earthquake,6.8,0,0.1,20,reviewed,ak,ak
2026-08-18T04:26:59.968Z,50.378,-176.224,15.6,2.6,ml,16,288,1.5,0.9,ak,aka2026qhhxol,2026-08-18T08:54:54.434Z,"168 km S of Adak, Alaska",earthquake,29.4,20.4586,0.1,12,reviewed,ak,ak
2026-08-18T04:05:08.433Z,51.882,176.928,5,3,ml,15,189,1,0.6,ak,aka2026qhheru,2026-08-18T08:43:19.402Z,"276 km ESE of Attu Station, Alaska",earthquake,17.4,0,0.3,13,reviewed,ak,ak
2026-08-18T03:42:58.516Z,51.526,-173.413,20,2.6,ml,15,307,0.8,0.9,ak,aka2026qhglnv,2026-08-18T08:34:49.462Z,"92 km SE of Atka, Alaska",earthquake,18.8,0,0.1,12,reviewed,ak,ak
2026-08-18T03:40:13.636Z,34.5679,-106.9376,5,3.1,ml,21,93,0.154,1.01,us,us6000tlkf,2026-08-18T07:32:20.605Z,"15 km WSW of Pueblitos, New Mexico",earthquake,2.21,1.819,0.048,60,reviewed,us,us
2026-08-18T03:33:07.490Z,18.3641,-68.9501,103,3.87,md,15,215,0.5881,0.28,pr,pr2026230000,2026-08-18T10:48:00.768Z,"7 km SSE of La Romana, Dominican Republic",earthquake,1.89,1.11,0.08,12,reviewed,pr,pr
2026-08-18T02:48:32.242Z,54.528,-160.148,20,3.2,ml,34,229,1.2,0.8,ak,aka2026qheqgh,2026-08-18T08:32:05.524Z,"92 km SSE of Sand Point, Alaska",earthquake,5.7,0,0.1,25,reviewed,ak,ak
2026-08-18T02:42:38.032Z,-8.2434,120.2573,34.063,4.8,mb,28,81,3.247,1.24,us,us6000tlk5,2026-08-18T03:19:14.040Z,"46 km NNW of Ruteng, Indonesia",earthquake,7.48,4.24,0.116,25,reviewed,us,us
2026-08-18T02:31:40.814Z,68.025,-154.087,3.3,2.9,ml,41,40,0.8,0.9,ak,aka2026qhebzw,2026-08-18T08:30:20.520Z,"98 km W of Anaktuvuk Pass, Alaska",earthquake,3.1,2.4942,0.1,30,reviewed,ak,ak
2026-08-18T02:19:38.227Z,51.887,-173.039,61.2,2.5,ml,11,324,0.8,0.2,ak,aka2026qhdrkl,2026-08-18T08:27:50.388Z,"86 km ESE of Atka, Alaska",earthquake,69.9,43.0243,0.1,9,reviewed,ak,ak
2026-08-18T01:58:23.030Z,67.624,-146.865,10,3,ml,42,93,1,0.9,ak,aka2026qhcyts,2026-08-18T08:25:44.228Z,"70 km NNW of Venetie, Alaska",earthquake,3.8,0,0.1,30,reviewed,ak,ak
2026-08-18T01:32:58.570Z,19.417,-65.717166666667,45.06,3.42,md,16,259,1.178,0.17,pr,pr71528848,2026-08-18T01:53:27.040Z,"110 km N of Suárez, Puerto Rico",earthquake,1.68,7.73,0.046872942504118,6,reviewed,pr,pr
2026-08-18T01:10:03.872Z,-22.0411,-179.0793,576.355,4.8,mb,50,77,5.054,0.93,us,us6000tljs,2026-08-18T01:26:57.040Z,"south of the Fiji Islands",earthquake,13.34,8.575,0.077,52,reviewed,us,us
2026-08-18T00:47:16.614Z,51.828,176.927,3.3,3,ml,10,336,1,0.4,ak,aka2026qhapjq,2026-08-18T07:11:07.853Z,"278 km ESE of Attu Station, Alaska",earthquake,26,3.4181,0.1,7,reviewed,ak,ak
2026-08-18T00:31:05.241Z,54.001,-162.548,10.5,2.7,ml,26,248,1,0.7,ak,aka2026qhabax,2026-08-18T07:07:57.454Z,"110 km SSE of False Pass, Alaska",earthquake,5.1,3.1901,0.1,20,reviewed,ak,ak
2026-08-17T22:53:11.292Z,9.638,138.3106,10,5.3,mww,74,42,9.18,0.76,us,us6000tlgm,2026-08-18T04:26:52.838Z,"24 km ENE of Colonia, Micronesia",earthquake,9.6,1.754,0.103,9,reviewed,us,us
2026-08-17T22:39:42.493Z,53.423,-164.443,10,2.5,ml,10,288,1,0.5,ak,aka2026qgwiqw,2026-08-17T23:30:17.831Z,"118 km SE of Akutan, Alaska",earthquake,18.9,0,0.1,8,reviewed,ak,ak
2026-08-17T22:35:16.843Z,66.967,-146.648,13,3,ml,54,40,0.4,0.7,ak,aka2026qgwerx,2026-08-18T03:06:23.040Z,"11 km WSW of Venetie, Alaska",earthquake,2.8,2.6029,0.1,39,reviewed,ak,ak
2026-08-17T22:13:10.050Z,40.334999084473,-124.85717010498,14.670000076294,3.17,ml,49,256,0.3962,0.22,nc,nc75420282,2026-08-18T03:58:59.040Z,"49 km W of Petrolia, CA",earthquake,2.05,1.59000003,0.275,4,automatic,nc,nc
2026-08-17T21:36:36.105Z,46.4392,151.4468,93.538,5.1,mb,107,51,5.998,0.6,us,us6000tlbz,2026-08-18T03:48:17.040Z,"Kuril Islands",earthquake,9.24,4.772,0.024,544,reviewed,us,us
2026-08-17T20:35:10.038Z,57.279,-154.894,57.9,4.5,ml,121,58,0.4,0.8,ak,aka2026qgsene,2026-08-18T18:21:36.026Z,"41 km SW of Karluk, Alaska",earthquake,3.1,4.0114,0.1,60,reviewed,ak,ak
2026-08-17T19:51:23.274Z,77.5754,6.791,10,4.8,mb,62,70,1.711,0.82,us,usd0015efp,2026-08-17T21:43:20.945Z,"219 km WSW of Longyearbyen, Svalbard and Jan Mayen",earthquake,6.26,2.484,0.049,132,reviewed,us,us
2026-08-17T19:24:08.290Z,19.315333333333,-155.82733333333,23,4.06,ml,51,190,0.06508,0.13,hv,hv75019812,2026-08-18T19:34:49.628Z,"16 km SSE of Honaunau-Napoopoo, Hawaii",earthquake,0.45,0.75,0.12671465928356,40,reviewed,hv,hv
2026-08-17T18:52:05.180Z,38.023998260498,-118.79850006103,10.64999961853,2.48,md,18,100,0.2536,0.14,nc,nc75420197,2026-08-17T22:37:20.280Z,"28 km SE of Bodie, CA",earthquake,0.42,2.07999992,0.21,8,automatic,nc,nc
2026-08-17T18:51:11.299Z,9.7108,138.2886,10,4.9,mb,57,97,12.38,0.71,us,usd0015efc,2026-08-17T20:07:19.013Z,"28 km NE of Colonia, Micronesia",earthquake,7.14,2.466,0.062,81,reviewed,us,us
2026-08-17T18:33:59.199Z,59.716,-151.609,59.3,2.8,ml,56,60,0.3,0.7,ak,aka2026qgodma,2026-08-17T21:49:31.977Z,"5 km NNW of Diamond Ridge, Alaska",earthquake,3.4,2.4842,0.1,43,reviewed,ak,ak
2026-08-17T18:10:05.545Z,-7.0242,117.2457,496.552,4.6,mb,46,45,3.193,0.66,us,usd0015ef3,2026-08-17T18:24:41.040Z,"155 km N of Pototano, Indonesia",earthquake,7.04,12.204,0.08,47,reviewed,us,us
2026-08-17T18:03:07.160Z,17.947333333333,-66.960666666667,12.82,2.6,md,8,212,0.08225,0.08,pr,pr71528818,2026-08-17T18:52:23.160Z,"6 km WSW of Guánica, Puerto Rico",earthquake,0.59,0.36,0.071837964235921,5,reviewed,pr,pr
2026-08-17T14:12:28.370Z,-8.3871,121.3679,10,4.4,mb,25,119,3.17,1.08,us,usd0015ee6,2026-08-17T16:23:57.040Z,"59 km NNW of Ende, Indonesia",earthquake,9.6,2.286,0.135,16,reviewed,us,us
2026-08-17T13:58:34.474Z,-8.3182,120.4472,10,5,mb,49,52,3.354,1.03,us,usd0015ee2,2026-08-17T15:02:01.040Z,"32 km N of Ruteng, Indonesia",earthquake,4.7,2.424,0.094,36,reviewed,us,us
2026-08-17T12:51:05.572Z,-8.2712,120.6721,30.025,4.9,mb,39,103,3.362,1.11,us,usd0015edt,2026-08-17T13:23:33.040Z,"44 km NNE of Ruteng, Indonesia",earthquake,10.91,5.988,0.095,35,reviewed,us,us
2026-08-17T12:39:35.566Z,-8.0024,120.3701,10,4.9,mb,25,87,3.031,0.84,us,usd0015eds,2026-08-17T13:30:06.040Z,"68 km N of Ruteng, Indonesia",earthquake,5.99,1.92,0.119,22,reviewed,us,us
2026-08-17T12:38:03.466Z,53.024,159.7106,54.741,5.8,mww,111,49,1.217,0.78,us,usd0015edq,2026-08-18T12:47:41.961Z,"72 km E of Petropavlovsk-Kamchatsky, Russia",earthquake,8.92,5.39,0.043,53,reviewed,us,us
2026-08-17T12:18:20.553Z,69.66,-145.377,8.8,3.6,ml,63,92,0.3,0.8,ak,aka2026qgbqir,2026-08-17T18:54:24.163Z,"85 km SW of Kaktovik, Alaska",earthquake,3.6,2.7513,0.1,45,reviewed,ak,ak
2026-08-17T12:08:23.600Z,34.534333333333,-120.487,6.8,2.54,ml,39,159,0.02224,0.23,ci,ci40674370,2026-08-17T14:08:05.179Z,"12 km SSW of Lompoc, CA",earthquake,0.35,0.59,0.15512997355102,57,reviewed,ci,ci
2026-08-17T11:00:23.022Z,-6.3769,149.3577,35,5.1,mb,67,121,4.741,1.33,us,usd0015edb,2026-08-17T11:19:35.040Z,"28 km SW of Kandrian, Papua New Guinea",earthquake,13.06,2.508,0.063,83,reviewed,us,us
2026-08-17T10:44:49.886Z,-7.9289,120.4324,10,5.4,mb,36,52,2.973,0.92,us,usd0015ed8,2026-08-18T10:50:59.262Z,"75 km N of Ruteng, Indonesia",earthquake,8.22,1.878,0.105,31,reviewed,us,us
2026-08-17T10:42:41.971Z,-7.8762,120.5019,10,5.2,mb,50,64,2.939,0.8,us,usd0015ed7,2026-08-17T10:59:05.040Z,"81 km N of Ruteng, Indonesia",earthquake,8.04,1.882,0.095,36,reviewed,us,us
2026-08-17T09:42:46.870Z,34.5345,-120.47566666667,4.81,2.66,ml,39,142,0.02852,0.25,ci,ci40674314,2026-08-17T18:10:58.707Z,"12 km S of Lompoc, CA",earthquake,0.34,0.62,0.141821383704,62,reviewed,ci,ci
2026-08-17T09:23:55.901Z,59.853,-152.817,102.1,2.9,ml,38,66,0.2,0.9,ak,aka2026qfvunv,2026-08-17T19:27:21.855Z,"55 km W of Anchor Point, Alaska",earthquake,4.2,2.9321,0.1,30,reviewed,ak,ak
2026-08-17T09:16:05.268Z,-8.3911,121.5192,10,4.8,mb,30,68,3.034,1.06,us,usd0015ed1,2026-08-17T09:34:54.040Z,"52 km NNW of Ende, Indonesia",earthquake,7.25,1.878,0.109,26,reviewed,us,us
2026-08-17T08:52:00.116Z,-8.3011,121.1463,23.728,4.5,mb,20,144,3.404,0.83,us,usd0015ecv,2026-08-18T07:38:22.040Z,"82 km ENE of Ruteng, Indonesia",earthquake,9.12,4.633,0.156,12,reviewed,us,us
2026-08-17T08:38:58.769Z,-23.9232,-179.6951,516.333,4.4,mb,66,117,5.531,0.81,us,usd0015ecs,2026-08-17T09:06:26.040Z,"south of the Fiji Islands",earthquake,13.95,7.388,0.075,51,reviewed,us,us
2026-08-17T08:18:41.880Z,37.948665618896,-121.99617004394,14.630000114441,2.61,md,94,61,0.07918,0.13,nc,nc75419932,2026-08-18T07:42:33.101Z,"3 km SE of Concord, CA",earthquake,0.17,0.310000002,0.09,88,automatic,nc,nc
2026-08-17T08:02:56.680Z,18.9161,-64.4056,14,3.76,md,21,278,0.4256,0.51,pr,pr2026229001,2026-08-17T11:06:41.445Z,"76 km NNE of Cruz Bay, U.S. Virgin Islands",earthquake,1.84,3.12,0.16,12,reviewed,pr,pr
2026-08-17T07:59:11.959Z,-21.4941,-67.05,239.64,4.3,mb,21,95,1.788,0.87,us,usd0015ecm,2026-08-18T07:09:22.040Z,"105 km SW of Atocha, Bolivia",earthquake,7.37,10.946,0.169,10,reviewed,us,us
2026-08-17T07:36:19.104Z,34.8761,135.6311,370.457,4.6,mb,128,85,1.24,0.69,us,usd0015ecj,2026-08-18T08:06:03.103Z,"3 km NNE of Takatsuki, Japan",earthquake,7.74,5.02,0.032,284,reviewed,us,us
2026-08-17T07:20:32.272Z,-8.5254,121.2007,28.252,4.9,mb,47,51,3.265,0.81,us,usd0015ech,2026-08-17T07:57:03.040Z,"61 km NW of Ende, Indonesia",earthquake,7.69,4.782,0.09,39,reviewed,us,us
2026-08-17T07:17:16.716Z,62.852,-149.615,89.6,3,ml,88,22,0.4,0.7,ak,aka2026qfrosr,2026-08-18T07:51:51.040Z,"51 km NNE of Chase, Alaska",earthquake,1.9,2.341,0.2,67,reviewed,ak,ak
2026-08-17T06:55:11.062Z,14.5955,147.0932,10,4.8,mb,50,99,1.409,0.75,us,usd0015ecf,2026-08-17T10:02:43.040Z,"159 km ESE of Saipan, Northern Mariana Islands",earthquake,9.74,1.9,0.079,50,reviewed,us,us
2026-08-17T06:50:05.442Z,59.967,-150.871,15.5,2.5,ml,18,76,0.2,0.7,ak,aka2026qfqrdq,2026-08-17T19:24:08.644Z,"13 km NNE of Fox River, Alaska",earthquake,4.7,2.527,0.1,14,reviewed,ak,ak
2026-08-17T05:18:41.824Z,-38.907,175.3138,177.408,4.6,mb,29,50,0.422,0.56,us,usd0015ebp,2026-08-17T09:26:18.040Z,"43 km WNW of Turangi, New Zealand",earthquake,4.53,4.662,0.172,10,reviewed,us,us
2026-08-17T05:09:28.329Z,-9.7042,121.7425,35,4.4,mb,10,142,2.489,0.3,us,usd0015ebn,2026-08-18T07:21:43.040Z,"95 km S of Ende, Indonesia",earthquake,9.18,1.993,0.179,9,reviewed,us,us
2026-08-17T05:07:49.191Z,59.604,-150.655,34.9,3.8,ml,59,135,0.1,0.5,ak,aka2026qfngls,2026-08-18T01:20:28.256Z,"32 km E of Halibut Cove, Alaska",earthquake,3.6,1.8004,0.1,45,reviewed,ak,ak
2026-08-17T03:48:04.873Z,-8.2999,121.327,16.335,5.2,mb,41,88,3.244,1.21,us,usd0015ebj,2026-08-17T04:02:57.040Z,"70 km NNW of Ende, Indonesia",earthquake,8.45,8.863,0.103,31,reviewed,us,us
2026-08-17T03:36:39.370Z,-8.278,121.407,10,5.3,mb,40,51,3.184,1.05,us,usd0015ebi,2026-08-17T03:54:47.040Z,"68 km NNW of Ende, Indonesia",earthquake,8.08,2.382,0.078,55,reviewed,us,us
2026-08-17T03:33:53.507Z,-8.0913,121.0947,10,4.9,mb,24,83,3.335,0.68,us,usd0015ebh,2026-08-17T04:14:30.040Z,"90 km NE of Ruteng, Indonesia",earthquake,8.79,2.28,0.125,20,reviewed,us,us
2026-08-17T03:00:58.287Z,63.2,-150.679,133.9,3.1,ml,100,25,0.7,0.8,ak,aka2026qfjamr,2026-08-17T19:14:45.916Z,"64 km SE of Denali National Park, Alaska",earthquake,2,1.9879,0.3,74,reviewed,ak,ak
2026-08-17T02:58:28.488Z,-8.4617,121.5676,10,4.2,mb,16,127,2.959,0.45,us,usd0015ebf,2026-08-17T05:28:00.040Z,"43 km NNW of Ende, Indonesia",earthquake,8.82,2.209,0.187,9,reviewed,us,us
2026-08-17T02:39:20.044Z,-7.8295,120.2556,29.528,4.8,mb,21,130,4.402,0.4,us,usd0015ebc,2026-08-17T04:43:49.040Z,"84 km NNE of Labuan Bajo, Indonesia",earthquake,15.26,11.131,0.148,14,reviewed,us,us
2026-08-17T02:38:34.907Z,60.901,-151.332,94.3,2.7,ml,75,21,0.2,0.7,ak,aka2026qfihcb,2026-08-18T05:13:25.040Z,"21 km SSW of Tyonek, Alaska",earthquake,2.3,2.3831,0.1,55,reviewed,ak,ak
2026-08-17T02:11:06.505Z,60.171,-143.311,1.1,3.5,ml,79,80,0.1,0.9,ak,aka2026qfhjhd,2026-08-17T19:08:55.012Z,"141 km ESE of Cordova, Alaska",earthquake,2.7,1.9043,0.1,60,reviewed,ak,ak
2026-08-17T02:10:15.730Z,18.709,-64.9165,36.12,3.14,md,6,218,0.3567,0.09,pr,pr71528753,2026-08-17T10:52:24.490Z,"40 km N of Charlotte Amalie, U.S. Virgin Islands",earthquake,3.18,4.31,0.057241655582353,5,reviewed,pr,pr
2026-08-17T01:40:21.380Z,18.7603,-64.9306,18,3.55,md,23,215,0.4082,0.26,pr,pr2026229000,2026-08-17T02:04:22.786Z,"46 km N of Charlotte Amalie, U.S. Virgin Islands",earthquake,0.84,1.09,0.14,21,reviewed,pr,pr
2026-08-17T01:01:31.312Z,38.3307,69.5974,10,4.2,mb,19,90,2.065,0.77,us,usd0015eaz,2026-08-17T01:57:12.040Z,"24 km ESE of Norak, Tajikistan",earthquake,6.83,2.253,0.175,10,reviewed,us,us
2026-08-17T01:01:29.183Z,-1.3664,121.0709,10,4.5,mb,10,118,3.855,0.9,us,usd0015eb0,2026-08-17T01:37:34.040Z,"35 km E of Poso, Indonesia",earthquake,12.14,2.14,0.221,6,reviewed,us,us
2026-08-17T00:46:41.245Z,-8.3149,121.4724,15.522,5.5,mww,109,23,3.109,0.9,us,usd0015eay,2026-08-18T05:22:30.896Z,"62 km NNW of Ende, Indonesia",earthquake,9.35,2.966,0.083,14,reviewed,us,us
2026-08-17T00:27:36.214Z,-7.9578,120.2244,35,4.6,mb,15,83,2.962,0.47,us,usd0015eav,2026-08-18T05:00:13.040Z,"70 km NNE of Labuan Bajo, Indonesia",earthquake,11.61,1.919,0.157,12,reviewed,us,us
2026-08-17T00:18:22.355Z,61.119,-151.962,114.6,2.5,ml,42,57,0.5,0.8,ak,aka2026qfdpnd,2026-08-18T04:52:01.040Z,"44 km W of Tyonek, Alaska",earthquake,3,3.1018,0.2,31,reviewed,ak,ak
2026-08-17T00:08:07.246Z,-17.7068,-178.7056,562.262,4.9,mb,103,58,2.209,0.67,us,usd0015eas,2026-08-18T04:45:03.040Z,"213 km E of Levuka, Fiji",earthquake,10.26,4.606,0.026,455,reviewed,us,us
2026-08-16T22:02:28.262Z,-2.6383,138.9688,35.288,4.3,mb,18,99,1.737,0.65,us,usd0015eaf,2026-08-18T04:39:26.040Z,"185 km W of Abepura, Indonesia",earthquake,12.2,7.895,0.148,13,reviewed,us,us
2026-08-16T21:48:43.015Z,-8.1055,120.6825,10,4.5,mb,12,133,3.207,0.83,us,usd0015eae,2026-08-18T04:37:37.040Z,"60 km NNE of Ruteng, Indonesia",earthquake,14.4,1.92,0.205,8,reviewed,us,us
2026-08-16T21:37:16.420Z,33.4318,130.1863,10,4.4,mb,14,125,1.275,0.97,us,usd0015eab,2026-08-18T04:36:36.040Z,"14 km S of Maebaru-chūō, Japan",earthquake,5.13,1.884,0.31,3,reviewed,us,us
2026-08-16T21:28:19.024Z,-7.1018,129.5786,163.466,4.5,mb,26,122,2.583,0.61,us,usd0015ea9,2026-08-18T04:34:15.040Z,"Kepulauan Babar, Indonesia",earthquake,12.94,5.572,0.121,20,reviewed,us,us
2026-08-16T21:06:07.316Z,-24.3187,-67.2962,173.246,4.4,mb,40,61,1.583,0.97,us,usd0015ea6,2026-08-18T04:33:10.040Z,"99 km W of San Antonio de los Cobres, Argentina",earthquake,10.3,5.977,0.062,75,reviewed,us,us
2026-08-16T20:35:29.250Z,34.0115,-117.589,5.59,2.78,ml,131,16,0.02376,0.19,ci,ci40674002,2026-08-18T06:29:22.257Z,"6 km SE of Ontario, CA",earthquake,0.1,0.22,0.21393279304221,245,reviewed,ci,ci
2026-08-16T20:32:09.060Z,18.350833333333,-67.3435,23.74,2.65,md,13,139,0.08982,0.17,pr,pr71528708,2026-08-16T20:43:19.410Z,"9 km W of Rincón, Puerto Rico",earthquake,0.56,0.78,0.095233771594276,6,reviewed,pr,pr
2026-08-16T20:21:45.850Z,40.493000030518,-124.90299987793,17.14999961853,2.6,md,45,255,0.4317,0.26,nc,nc75419622,2026-08-17T00:37:23.368Z,"55 km W of Ferndale, CA",earthquake,2.6,1.53999996,0.08,7,automatic,nc,nc
2026-08-16T18:18:55.410Z,18.2135,-64.561833333333,29.89,3.2,md,11,276,0.2129,0.15,pr,pr71528693,2026-08-16T19:11:57.030Z,"27 km ESE of Cruz Bay, U.S. Virgin Islands",earthquake,2.44,2.67,0.098294415803247,10,reviewed,pr,pr
2026-08-16T17:26:15.105Z,-7.9109,120.4602,9.309,4.9,mb,35,52,2.962,1.09,us,usd0015e9a,2026-08-16T18:00:17.040Z,"77 km N of Ruteng, Indonesia",earthquake,7.75,4.305,0.094,35,reviewed,us,us
2026-08-16T17:11:07.915Z,-22.5775,-20.3712,10,4.9,mb,37,45,19.852,1.18,us,usd0015e96,2026-08-16T18:03:10.040Z,"South Atlantic Ocean",earthquake,13.1,1.868,0.069,68,reviewed,us,us
2026-08-16T15:52:53.557Z,14.4177,-92.969,35,5.2,mww,58,153,2.02,0.98,us,usd0015e8n,2026-08-16T16:13:10.040Z,"67 km WSW of Puerto Madero, Mexico",earthquake,17.74,2.475,0.062,25,reviewed,us,us
2026-08-16T15:25:30.450Z,20.252666666667,-155.675,41.14,3.03,ml,51,273,0.1589,0.14,hv,hv75019517,2026-08-16T23:52:22.350Z,"11 km E of Hala‘ula, Hawaii",earthquake,0.51,0.68,0.19784181934107,17,reviewed,hv,hv
2026-08-16T15:06:23.190Z,18.148833333333,-67.321333333333,6.96,3.05,md,31,162,0.1811,0.3,pr,pr71528688,2026-08-16T15:54:26.760Z,"16 km WNW of Puerto Real, Puerto Rico",earthquake,0.51,0.46,0.17041550013483,20,reviewed,pr,pr
2026-08-16T15:04:51.100Z,19.002,-66.7815,24.45,3.14,md,20,233,0.5741,0.33,pr,pr71528673,2026-08-16T15:35:13.350Z,"57 km N of Hatillo, Puerto Rico",earthquake,1.2,12.71,0.044025165304304,11,reviewed,pr,pr
2026-08-16T14:59:17.730Z,18.147,-67.327833333333,7.4,3.16,md,34,164,0.1875,0.34,pr,pr71528658,2026-08-16T15:32:11.100Z,"16 km WNW of Puerto Real, Puerto Rico",earthquake,0.54,1.17,0.14564037623406,22,reviewed,pr,pr
2026-08-16T14:46:40.819Z,61.205,-139.091,5,2.5,ml,33,94,0.2,1.3,ak,aka2026qeknuv,2026-08-17T19:19:44.796Z,"188 km N of Yakutat, Alaska",earthquake,3.2,0,0.1,25,reviewed,ak,ak
2026-08-16T13:38:39.493Z,-7.9176,120.7165,10,5,mb,47,81,3.039,1.25,us,usd0015e86,2026-08-16T13:57:43.040Z,"81 km NNE of Ruteng, Indonesia",earthquake,11.7,2.422,0.082,54,reviewed,us,us
2026-08-16T12:54:58.365Z,60.908,-150.766,5.8,3.1,ml,108,39,0.2,1.3,ak,aka2026qeguys,2026-08-17T19:16:00.986Z,"4 km WSW of Point Possession, Alaska",earthquake,2,1.3122,0.1,80,reviewed,ak,ak
2026-08-16T12:37:51.682Z,-7.5415,120.5903,10,4.5,mb,19,82,2.645,0.93,us,usd0015e7x,2026-08-16T13:27:48.040Z,"119 km N of Ruteng, Indonesia",earthquake,7.24,1.921,0.14,15,reviewed,us,us
2026-08-16T12:12:38.878Z,63.199,-150.646,132.1,2.8,ml,92,27,0.4,0.7,ak,aka2026qefkgq,2026-08-17T18:48:28.866Z,"66 km SE of Denali National Park, Alaska",earthquake,2.2,1.9333,0.3,67,reviewed,ak,ak
2026-08-16T11:21:11.806Z,-7.8283,120.2356,10,4.7,mb,23,100,2.837,0.55,us,usd0015e7s,2026-08-16T12:49:47.040Z,"83 km NNE of Labuan Bajo, Indonesia",earthquake,6.77,1.855,0.137,16,reviewed,us,us
2026-08-16T11:11:46.392Z,-7.6716,120.8509,10,4.9,mb,26,98,2.857,0.8,us,usd0015e7q,2026-08-16T11:33:20.040Z,"112 km NNE of Ruteng, Indonesia",earthquake,8.17,1.9,0.132,18,reviewed,us,us
2026-08-16T10:59:11.283Z,-5.5432,146.7882,147.71,5.5,mww,91,28,3.524,0.63,us,usd0015e7p,2026-08-17T18:26:59.110Z,"116 km ESE of Madang, Papua New Guinea",earthquake,8.18,6.569,0.069,20,reviewed,us,us
2026-08-16T10:56:06.045Z,65.691,-154.795,2.4,3.3,ml,56,29,0.2,1,ak,aka2026qectoa,2026-08-17T18:45:59.384Z,"46 km SSW of Hughes, Alaska",earthquake,2.7,2.7399,0.1,42,reviewed,ak,ak
2026-08-16T10:31:34.822Z,-7.8791,120.5504,10,5.1,mb,54,64,2.955,0.94,us,usd0015e7k,2026-08-16T10:50:40.040Z,"81 km N of Ruteng, Indonesia",earthquake,20.45,2.003,0.08,51,reviewed,us,us
2026-08-16T10:14:36.343Z,-7.9399,120.5995,10,5.3,mww,91,41,3.026,0.76,us,usd0015e7j,2026-08-17T14:05:21.895Z,"75 km NNE of Ruteng, Indonesia",earthquake,19.18,1.999,0.093,11,reviewed,us,us
2026-08-16T09:57:38.788Z,31.2009,-109.2716,16.424,4,mb,37,118,0.174,0.96,us,usd0015e7e,2026-08-17T10:01:18.953Z,"30 km ESE of Agua Prieta, Mexico",earthquake,10.39,3.417,0.09,33,reviewed,us,us
2026-08-16T08:19:43.656Z,57.238,-155.568,73.2,3.1,ml,44,65,0.7,0.8,ak,aka2026qdxqmy,2026-08-17T18:37:22.078Z,"76 km WSW of Karluk, Alaska",earthquake,4.3,5.5822,0.1,34,reviewed,ak,ak
2026-08-16T08:06:50.468Z,-5.5296,146.3275,130.097,4.6,mb,68,51,3.615,0.64,us,usd0015e6s,2026-08-16T08:39:46.040Z,"68 km ESE of Madang, Papua New Guinea",earthquake,12.29,26.371,0.058,90,reviewed,us,us
2026-08-16T08:06:30.730Z,51.7335,-179.01733333333,8.79,2.47,ml,13,138,0.1093,0.19,av,av94387078,2026-08-18T18:22:09.850Z,"165 km W of Adak, Alaska",earthquake,0.78,0.35,0.31207701353192,19,reviewed,av,av
2026-08-16T08:05:40.676Z,55.581,-158.501,42.1,3.5,ml,44,177,0.7,0.8,ak,aka2026qdxfcm,2026-08-17T18:35:03.685Z,"54 km SE of Perryville, Alaska",earthquake,7.4,15.6137,0.1,23,reviewed,ak,ak
2026-08-16T07:59:39.395Z,63.109,-150.858,130,2.7,ml,105,29,0.4,0.8,ak,aka2026qdwywz,2026-08-17T18:32:17.859Z,"64 km SE of Denali National Park, Alaska",earthquake,2.3,1.9491,0.2,75,reviewed,ak,ak
2026-08-16T06:51:47.338Z,-7.9322,120.5855,10,5.5,mww,62,46,3.015,0.87,us,us6000tl6a,2026-08-17T06:55:27.014Z,"76 km N of Ruteng, Indonesia",earthquake,6.17,1.825,0.075,17,reviewed,us,us
2026-08-16T06:49:33.270Z,36.067833333333,-117.84183333333,2.67,2.75,ml,34,41,0.05075,0.15,ci,ci40673610,2026-08-17T18:41:47.760Z,"10 km ENE of Coso Junction, CA",earthquake,0.14,0.2,0.16835138732212,107,reviewed,ci,ci
2026-08-16T06:41:37.560Z,35.440166473389,-120.72083282471,6.6399998664856,2.58,md,47,55,0.04865,0.05,nc,nc75419292,2026-08-17T19:03:24.527Z,"7 km SW of Atascadero, CA",earthquake,0.17,0.50999999,0.12,53,automatic,nc,nc
2026-08-16T06:12:32.895Z,53.087,-166.628,19.9,2.6,ml,25,230,0.7,0.5,ak,aka2026qdtkba,2026-08-17T18:07:02.534Z,"87 km S of Unalaska, Alaska",earthquake,5.9,4.634,0.1,19,reviewed,ak,ak
2026-08-16T06:01:27.090Z,37.450332641602,-118.84033203125,1.9099999666214,2.46,md,12,98,0.1693,0.07,nc,nc75419277,2026-08-16T08:52:23.040Z,"19 km SW of Toms Place, CA",earthquake,0.36,2.83999991,0.12,13,automatic,nc,nc
2026-08-16T05:39:47.617Z,56.305,-149.833,5,3,ml,25,271,2.1,0.6,ak,aka2026qdsibr,2026-08-17T18:06:28.757Z,"208 km SE of Chiniak, Alaska",earthquake,9.4,0,0.2,19,reviewed,ak,ak
2026-08-16T05:30:06.220Z,61.367,-150.042,38.2,2.5,ml,92,25,0.2,0.9,ak,aka2026qdrzfl,2026-08-17T18:44:38.249Z,"3 km WNW of Point MacKenzie, Alaska",earthquake,2.1,1.4846,0.1,67,reviewed,ak,ak
2026-08-16T04:50:32.165Z,31.672,-104.492,6.0999,2.6,ml,40,71,0,0.2,tx,tx2026qbbjvl,2026-08-17T18:45:17.710Z,"56 km S of Whites City, New Mexico",earthquake,1.3682268343462,0.32900540203738,0.1,25,reviewed,tx,tx
2026-08-16T04:34:05.414Z,43.5327,-110.7645,5.765,2.6,ml,46,48,0.073,0.61,us,us6000tl5f,2026-08-18T00:04:20.204Z,"5 km N of Jackson, Wyoming",earthquake,1.74,1.371,0.032,132,reviewed,us,us
2026-08-16T03:49:25.874Z,44.1198,9.9725,10,4.1,mb,30,88,0.758,1.41,us,us6000tl58,2026-08-17T19:02:55.409Z,"1 km NE of Sarzana, Italy",earthquake,3.8,1.943,0.261,4,reviewed,us,us
2026-08-16T03:42:59.885Z,-8.4615,121.5082,10,5,mb,28,76,3.013,1.13,us,us6000tl55,2026-08-16T03:58:33.040Z,"45 km NNW of Ende, Indonesia",earthquake,8.68,1.896,0.118,23,reviewed,us,us
2026-08-16T03:20:24.373Z,-14.5474,167.1934,188.148,6.1,mww,75,53,6.582,0.73,us,us6000tl4w,2026-08-17T03:27:20.479Z,"56 km NNE of Port-Olry, Vanuatu",earthquake,7.82,6.175,0.037,71,reviewed,us,us
2026-08-16T03:12:49.804Z,54.316,-161.483,7.7,2.6,ml,12,252,0.9,0.6,ak,aka2026qdnkjd,2026-08-17T17:30:21.043Z,"98 km SSE of King Cove, Alaska",earthquake,7.5,4.0818,0.1,8,reviewed,ak,ak
2026-08-16T03:07:23.582Z,54.012,-163.168,19.5,2.5,ml,13,274,0.7,0.5,ak,aka2026qdnfmv,2026-08-16T05:28:25.900Z,"95 km S of False Pass, Alaska",earthquake,7.8,7.0086,0.1,10,reviewed,ak,ak
2026-08-16T02:57:47.518Z,51.782,-174.148,93,3,ml,26,200,0.4,0.7,ak,aka2026qdmxem,2026-08-17T17:28:36.582Z,"46 km S of Atka, Alaska",earthquake,42.4,12.6333,0.2,19,reviewed,ak,ak
2026-08-16T01:54:06.020Z,17.969833333333,-66.943833333333,11.19,2.68,md,15,184,0.03357,0.09,pr,pr71528643,2026-08-16T02:07:21.990Z,"3 km SW of Fuig, Puerto Rico",earthquake,0.37,0.35,0.16769640335815,4,reviewed,pr,pr
2026-08-16T01:38:45.770Z,17.953,-66.941333333333,13.55,2.85,md,26,181,0.03651,0.24,pr,pr71528633,2026-08-16T02:03:36.890Z,"4 km WSW of Guánica, Puerto Rico",earthquake,0.55,0.24,0.042401358880288,6,reviewed,pr,pr
2026-08-16T01:32:01.068Z,51.372,-176.42,18.4,3.4,ml,37,215,0.5,0.6,ak,aka2026qdkaum,2026-08-17T17:21:05.558Z,"57 km SSE of Adak, Alaska",earthquake,5.5,2.5714,0.1,28,reviewed,ak,ak
2026-08-16T00:32:06.750Z,19.429833333333,-155.35316666667,7.98,3.01,ml,49,48,0.05523,0.13,hv,hv75019372,2026-08-17T00:37:10.854Z,"12 km W of Volcano, Hawaii",earthquake,0.26,0.42,0.27804678204436,37,reviewed,hv,hv
2026-08-16T00:27:33.136Z,53.619,-163.814,23.6,2.6,ml,15,246,1,0.4,ak,aka2026qdhwxa,2026-08-17T17:19:44.047Z,"139 km S of False Pass, Alaska",earthquake,8.6,6.2752,0.1,11,reviewed,ak,ak
2026-08-16T00:18:16.411Z,6.8902,-73.0936,146.651,4.2,mb,29,118,0.991,0.77,us,us6000tl4c,2026-08-16T03:27:35.040Z,"11 km SSW of Piedecuesta, Colombia",earthquake,7.9,9.958,0.132,16,reviewed,us,us
2026-08-15T23:56:55.535Z,50.681,-173.847,20,2.7,ml,16,300,1.5,0.8,ak,aka2026qdgwlf,2026-08-17T06:13:45.777Z,"170 km S of Atka, Alaska",earthquake,8.8,0,0.1,13,reviewed,ak,ak
2026-08-15T23:12:54.664Z,-7.8894,120.5156,10,5,mb,47,64,2.955,1.4,us,us6000tl44,2026-08-15T23:35:15.040Z,"80 km N of Ruteng, Indonesia",earthquake,8.11,1.795,0.094,36,reviewed,us,us
2026-08-15T22:54:20.424Z,51.839,176.285,20,3.4,ml,22,202,1.4,0.7,ak,aka2026qdeubb,2026-08-17T09:13:14.277Z,"239 km ESE of Attu Station, Alaska",earthquake,20,0,0.1,18,reviewed,ak,ak
2026-08-15T22:52:55.761Z,9.6571,138.224,10,5.4,mww,70,102,9.236,1.13,us,us6000tl43,2026-08-17T19:09:39.940Z,"19 km NE of Colonia, Micronesia",earthquake,10.71,1.874,0.073,18,reviewed,us,us
2026-08-15T22:45:24.028Z,13.189,-90.984,10,4.4,mb,53,204,1.369,1.44,us,us6000tl40,2026-08-16T03:10:08.040Z,"83 km SSW of Puerto San José, Guatemala",earthquake,8.04,1.96,0.067,66,reviewed,us,us
2026-08-15T22:41:30.803Z,60.964,-150.272,49,3.4,ml,156,28,0.2,0.8,ak,aka2026qdeiyi,2026-08-17T18:32:11.286Z,"23 km E of Point Possession, Alaska",earthquake,1.6,2.6989,0.2,115,reviewed,ak,ak
2026-08-15T22:32:05.830Z,19.342166666667,-155.275,30.64,3.73,ml,59,73,0.02549,0.12,hv,hv75019342,2026-08-17T19:09:10.477Z,"11 km SSW of Volcano, Hawaii",earthquake,0.27,0.3,0.31279277267141,46,reviewed,hv,hv
2026-08-15T22:10:03.063Z,5.173,126.0929,93.165,4.4,mb,30,114,1.952,0.93,us,us6000tl3u,2026-08-16T02:44:02.040Z,"74 km ESE of Sarangani, Philippines",earthquake,10.38,8.077,0.107,25,reviewed,us,us
2026-08-15T21:24:33.068Z,53.012,-166.899,22.6,2.5,ml,26,239,0.7,0.5,ak,aka2026qdbuhc,2026-08-17T08:59:55.822Z,"98 km SSW of Unalaska, Alaska",earthquake,7.2,3.9959,0.1,18,reviewed,ak,ak
2026-08-15T21:08:32.582Z,-7.8284,120.5111,10,4.7,mb,32,73,2.896,1.03,us,us6000tl3n,2026-08-16T00:32:45.040Z,"86 km N of Ruteng, Indonesia",earthquake,8.38,1.923,0.11,26,reviewed,us,us
2026-08-15T20:29:44.571Z,-8.0349,120.4927,10,4.5,mb,26,90,3.09,1.2,us,us6000tl3k,2026-08-15T21:06:00.040Z,"63 km N of Ruteng, Indonesia",earthquake,8.86,1.896,0.124,19,reviewed,us,us
2026-08-15T20:00:42.286Z,52.967,-170.009,148,3.1,ml,41,159,0.1,0.6,ak,aka2026qcyzqg,2026-08-17T08:47:57.844Z,"77 km W of Nikolski, Alaska",earthquake,21,3.153,0.2,30,reviewed,ak,ak
2026-08-15T19:57:51.472Z,-28.2225,-70.8181,86.361,4.2,mb,27,140,0.792,0.86,us,us6000tl3c,2026-08-15T20:57:41.309Z,"39 km N of Vallenar, Chile",earthquake,4.13,8.627,0.237,5,reviewed,us,us
2026-08-15T19:32:30.371Z,23.4461,142.7868,39.954,5.5,mww,119,79,8.647,0.95,us,us6000tl36,2026-08-16T19:35:59.459Z,"Volcano Islands, Japan region",earthquake,8.11,5.888,0.069,20,reviewed,us,us
2026-08-15T19:15:53.197Z,-8.2108,120.2771,10,4.2,mb,18,76,3.218,1.06,us,us6000tl32,2026-08-15T19:55:44.040Z,"48 km NNW of Ruteng, Indonesia",earthquake,9.46,1.243,0.159,11,reviewed,us,us
2026-08-15T19:04:57.720Z,19.182,-65.347,8.06,3.43,md,8,248,0.872,0.22,pr,pr71528623,2026-08-15T19:37:52.520Z,"97 km N of Culebra, Puerto Rico",earthquake,2.12,3.08,0.0543952666671,4,reviewed,pr,pr
2026-08-15T19:04:43.241Z,14.0581,-92.9401,10,4.2,mb,53,206,2.343,0.59,us,us6000tl30,2026-08-15T19:21:17.040Z,"92 km SW of Puerto Madero, Mexico",earthquake,10.53,1.968,0.066,64,reviewed,us,us
2026-08-15T18:43:05.132Z,-8.2027,120.5418,10,4.4,mb,28,76,3.263,0.36,us,us6000tl33,2026-08-15T19:36:22.040Z,"45 km N of Ruteng, Indonesia",earthquake,7.81,1.906,0.115,22,reviewed,us,us
2026-08-15T18:42:55.293Z,51.415,178.77,39.4,2.8,ml,11,248,0.3,0.5,ak,aka2026qcwjsu,2026-08-17T06:49:08.252Z,"Rat Islands, Aleutian Islands, Alaska",earthquake,10,5.2396,0.1,9,reviewed,ak,ak
2026-08-15T18:40:21.369Z,-8.2203,120.6399,10,4.5,mb,18,88,3.305,0.59,us,us6000tl31,2026-08-15T19:28:08.040Z,"47 km NNE of Ruteng, Indonesia",earthquake,8.8,1.596,0.15,13,reviewed,us,us
2026-08-15T18:19:49.601Z,31.669,-101.997,3.1982,2.5,ml,39,59,0.1,0.1,tx,tx2026qagons,2026-08-17T16:59:06.457Z,"37 km SSE of Midland, Texas",earthquake,0.51174219555433,1.9389704094633,0.2,22,reviewed,tx,tx
2026-08-15T17:51:27.384Z,-7.7671,120.6775,10,4.7,mb,30,81,2.885,0.78,us,us6000tl2u,2026-08-15T18:27:11.040Z,"96 km NNE of Ruteng, Indonesia",earthquake,8.92,1.892,0.11,25,reviewed,us,us
2026-08-15T17:44:14.375Z,-7.9256,120.4122,10,4.7,mb,27,74,2.966,0.7,us,us6000tl2t,2026-08-15T18:18:48.040Z,"76 km N of Ruteng, Indonesia",earthquake,6.03,1.802,0.112,24,reviewed,us,us
2026-08-15T17:41:42.009Z,51.4925,159.9696,10,4.6,mb,61,119,2.136,1.01,us,us6000tl2s,2026-08-15T18:05:30.040Z,"192 km SSE of Vilyuchinsk, Russia",earthquake,8.7,1.882,0.065,71,reviewed,us,us
2026-08-15T17:21:07.767Z,-8.3799,121.4952,10,4.5,mb,30,75,3.06,0.8,us,us6000tl2p,2026-08-15T17:53:13.040Z,"54 km NNW of Ende, Indonesia",earthquake,8.68,1.893,0.106,26,reviewed,us,us
2026-08-15T17:14:50.134Z,56.671,-148.639,28.1,2.8,ml,31,232,2.8,0.5,ak,aka2026qctlpi,2026-08-17T06:11:43.202Z,"244 km ESE of Chiniak, Alaska",earthquake,15.3,17.1293,0.1,25,reviewed,ak,ak
2026-08-15T17:09:29.280Z,19.521,-156.40266666667,36.3,3.42,ml,58,239,0.3868,0.17,hv,hv75019242,2026-08-16T17:14:11.263Z,"44 km WSW of Kailua-Kona, Hawaii",earthquake,0.49,0.99,0.18093188954526,32,reviewed,hv,hv
2026-08-15T17:02:55.940Z,52.914,-163.782,20,2.9,ml,26,267,1.6,0.5,ak,aka2026qctbkp,2026-08-17T06:08:23.236Z,"189 km SE of Akutan, Alaska",earthquake,6.8,0,0.1,19,reviewed,ak,ak
2026-08-15T16:58:05.970Z,-7.795,120.6878,9.95,4.5,mb,29,118,2.915,0.83,us,us6000tl2c,2026-08-15T21:54:13.040Z,"93 km NNE of Ruteng, Indonesia",earthquake,8.32,4.784,0.127,20,reviewed,us,us
2026-08-15T16:47:26.516Z,38.6186,73.9208,99.461,4.1,mb,27,56,1.168,0.63,us,us6000tl2a,2026-08-15T21:42:12.040Z,"49 km N of Murghob, Tajikistan",earthquake,6.79,8.716,0.151,14,reviewed,us,us
2026-08-15T16:25:18.277Z,0.2087,120.2965,72.017,5.7,mww,213,21,5.216,0.68,us,us6000tl1s,2026-08-18T18:54:25.790Z,"132 km NNE of Palu, Indonesia",earthquake,7.46,4.138,0.063,24,reviewed,us,us
2026-08-15T16:20:59.893Z,67.902,-155.592,10,2.7,ml,34,40,1.1,0.8,ak,aka2026qcrrax,2026-08-17T08:43:13.731Z,"123 km NNE of Kobuk, Alaska",earthquake,2.7,0,0.1,25,reviewed,ak,ak
2026-08-15T16:17:42.994Z,54.2879,-159.671,10,3.3,ml,52,195,1.538,0.61,us,us6000tl9j,2026-08-18T16:53:47.040Z,"128 km SSE of Sand Point, Alaska",earthquake,6,2.006,0.071,26,reviewed,us,us
2026-08-15T15:52:32.416Z,-8.2101,121.3861,10,4.9,mb,55,67,3.234,0.8,us,us6000tl1p,2026-08-15T19:17:10.040Z,"76 km NNW of Ende, Indonesia",earthquake,2.69,1.853,0.08,49,reviewed,us,us
2026-08-15T15:49:31.788Z,51.6506,-175.2039,35,2.5,ml,26,220,0.56,0.75,us,us6000tl9i,2026-08-18T14:29:26.040Z,"91 km SW of Atka, Alaska",earthquake,2.76,2.012,0.105,12,reviewed,us,us
2026-08-15T15:21:32.784Z,-21.8345,-179.6043,599.718,4.4,mb,47,108,4.628,0.64,us,us6000tl1m,2026-08-15T19:02:09.040Z,"Fiji region",earthquake,12.99,9.962,0.089,40,reviewed,us,us
2026-08-15T14:46:56.890Z,52.0788,-170.7738,35,2.9,ml,26,215,0.884,0.49,us,us6000tl9d,2026-08-18T17:09:34.040Z,"161 km SW of Nikolski, Alaska",earthquake,4.34,2.018,0.081,20,reviewed,us,us
2026-08-15T14:27:50.864Z,50.828,-179.641,10.4,2.7,ml,25,245,0.9,0.5,ak,aka2026qcnwxu,2026-08-17T06:21:30.701Z,"239 km WSW of Adak, Alaska",earthquake,6,3.1876,0.2,19,reviewed,ak,ak
2026-08-15T14:24:19.780Z,19.138999938965,-155.48815917969,30.729999542236,3.24,md,56,161,0.02954,0.159999996,hv,hv75019212,2026-08-15T18:40:12.040Z,"7 km S of Pāhala, Hawaii",earthquake,0.45,0.620000005,0.14584933091205,13,automatic,hv,hv
2026-08-15T14:20:11.156Z,50.8713,-179.6366,23.036,2.8,ml,35,239,0.84,0.54,us,us6000tl9a,2026-08-18T17:18:05.040Z,"236 km WSW of Adak, Alaska",earthquake,7.37,21.726,0.081,20,reviewed,us,us
2026-08-15T14:16:12.242Z,53.3728,-166.9377,5,2.7,ml,30,200,0.423,0.49,us,us6000tl99,2026-08-18T17:13:07.040Z,"61 km SSW of Unalaska, Alaska",earthquake,1.38,1.971,0.105,12,reviewed,us,us
2026-08-15T13:56:26.203Z,-6.5656,129.8692,171.398,4.5,mb,57,40,2.03,0.73,us,us6000tl19,2026-08-15T17:25:04.040Z,"Banda Sea",earthquake,7.14,7.372,0.082,49,reviewed,us,us
2026-08-15T13:44:57.430Z,19.197500228882,-155.38150024414,30,2.81,md,43,172,0.04257,0.150000006,hv,hv75019202,2026-08-15T16:31:34.040Z,"10 km E of Pāhala, Hawaii",earthquake,0.45,0.540000021,0.11177903072174,12,automatic,hv,hv
2026-08-15T13:40:47.830Z,53.7273,-166.1844,74.266,2.6,ml,33,194,0.336,0.38,us,us6000tl94,2026-08-18T17:21:43.040Z,"28 km SE of Unalaska, Alaska",earthquake,9.85,15.784,0.128,8,reviewed,us,us
2026-08-15T13:32:47.766Z,14.0047,-93.0742,10,4.2,mb,82,208,2.438,0.6,us,us6000tl15,2026-08-15T15:20:43.040Z,"105 km SW of Puerto Madero, Mexico",earthquake,22,2.021,0.06,76,reviewed,us,us
2026-08-15T12:14:39.321Z,-8.2575,121.2565,10,5.2,mb,48,78,3.325,0.77,us,us6000tl0v,2026-08-15T12:31:02.040Z,"78 km NW of Ende, Indonesia",earthquake,8.32,1.87,0.089,41,reviewed,us,us
2026-08-15T12:08:52.450Z,19.162166595459,-155.52082824707,29.639999389648,2.71,ml,56,122,0.05591,0.159999996,hv,hv75019182,2026-08-15T13:18:50.040Z,"6 km SW of Pāhala, Hawaii",earthquake,0.41,0.560000002,0.32,21,automatic,hv,hv
2026-08-15T11:57:28.280Z,19.402166366577,-155.24766540527,39.529998779297,2.63,md,32,43,0.01517,0.159999996,hv,hv75019177,2026-08-15T13:14:28.040Z,"4 km SSW of Volcano, Hawaii",earthquake,0.51,0.689999998,0.053135949483059,8,automatic,hv,hv
2026-08-15T11:30:15.368Z,24.4732,122.2931,66.357,4.9,mb,47,57,0.654,0.83,us,us6000tl0a,2026-08-15T11:57:38.456Z,"63 km ESE of Yilan, Taiwan",earthquake,3.99,6.267,0.048,134,reviewed,us,us
2026-08-15T11:10:24.937Z,-4.411,143.9212,120.214,5.4,mb,36,60,3.724,0.64,us,us6000tkyz,2026-08-17T19:07:52.590Z,"41 km SSW of Angoram, Papua New Guinea",earthquake,8.48,7.586,0.111,28,reviewed,us,us
2026-08-15T10:54:51.796Z,3.0856,99.015,172.526,6.9,mww,110,39,2.281,0.73,us,us6000tkyk,2026-08-18T06:44:27.776Z,"15 km NNW of Pematangsiantar, Indonesia",earthquake,7.22,6.228,0.04,59,reviewed,us,us
2026-08-15T10:31:30.185Z,-8.264,120.3675,10,5.1,mb,32,81,3.286,1.05,us,us6000tkyg,2026-08-15T10:51:12.040Z,"39 km NNW of Ruteng, Indonesia",earthquake,8.68,1.911,0.105,29,reviewed,us,us
2026-08-15T10:16:57.590Z,19.4871,-64.3383,10,3.54,md,7,299,0.9986,0.34,pr,pr2026227000,2026-08-15T13:10:38.040Z,"136 km NNE of Cruz Bay, U.S. Virgin Islands",earthquake,8.67,11.84,0.07,4,reviewed,pr,pr
2026-08-15T09:51:45.571Z,-0.1583,122.0236,272.756,4.6,mb,39,68,5.33,0.62,us,us6000tkya,2026-08-15T10:06:23.040Z,"122 km NW of Luwuk, Indonesia",earthquake,10.03,9.053,0.091,36,reviewed,us,us
2026-08-15T09:32:53.800Z,-8.2814,121.4883,10,4.9,mb,44,78,3.111,0.69,us,us6000tky8,2026-08-15T09:49:10.040Z,"65 km NNW of Ende, Indonesia",earthquake,8.38,1.868,0.092,37,reviewed,us,us
2026-08-15T09:08:22.294Z,-8.1297,120.4925,10,4.6,mb,28,82,3.181,1.04,us,us6000tky5,2026-08-15T12:58:56.040Z,"53 km N of Ruteng, Indonesia",earthquake,5.71,1.861,0.111,24,reviewed,us,us
2026-08-15T09:03:35.230Z,52.251,-171.525,20,3,ml,22,201,1.1,0.8,ak,aka2026qcdcdq,2026-08-16T08:46:59.857Z,"182 km E of Atka, Alaska",earthquake,18.7,0,0.1,17,reviewed,ak,ak
2026-08-15T08:08:14.280Z,19.3001,-64.8128,16,3.52,md,18,270,0.9061,0.48,pr,pr2026227002,2026-08-15T13:30:54.040Z,"106 km N of Charlotte Amalie, U.S. Virgin Islands",earthquake,5.13,9.78,0.16,16,reviewed,pr,pr
2026-08-15T08:02:28.350Z,-8.2634,120.2926,10,4.4,mb,23,106,3.272,1.14,us,us6000tkxc,2026-08-15T12:49:19.040Z,"42 km NNW of Ruteng, Indonesia",earthquake,5.35,1.897,0.127,18,reviewed,us,us
2026-08-15T07:54:27.730Z,18.257166666667,-67.296333333333,103.27,3.24,md,15,163,0.1495,0.18,pr,pr71528558,2026-08-15T13:33:25.040Z,"8 km SW of Stella, Puerto Rico",earthquake,1.19,0.6,0.10383197419946,9,reviewed,pr,pr
2026-08-15T07:39:38.975Z,-8.0446,120.7765,10,5.1,mb,57,52,3.178,1.12,us,us6000tkx5,2026-08-15T07:56:30.040Z,"71 km NNE of Ruteng, Indonesia",earthquake,7.69,0.957,0.081,50,reviewed,us,us
2026-08-15T07:16:07.016Z,-8.2926,121.4064,10,4.5,mb,22,118,3.178,0.87,us,us6000tkwz,2026-08-15T12:56:31.040Z,"67 km NNW of Ende, Indonesia",earthquake,7.2,1.596,0.14,15,reviewed,us,us
2026-08-15T07:14:45.260Z,18.7686,-64.5435,55,3.72,md,22,258,0.3118,0.15,pr,pr2026227001,2026-08-15T11:28:42.120Z,"55 km NNE of Cruz Bay, U.S. Virgin Islands",earthquake,1.07,1.22,0.22,20,reviewed,pr,pr
2026-08-15T06:43:07.500Z,-8.2384,120.6523,10,4.7,mb,36,76,3.326,0.95,us,us6000tkwt,2026-08-15T06:59:38.040Z,"46 km NNE of Ruteng, Indonesia",earthquake,9.91,1.893,0.103,29,reviewed,us,us
2026-08-15T06:38:24.010Z,19.016166687012,-155.36782836914,15.289999961853,2.87,ml,53,219,0.1647,0.270000011,hv,hv75019117,2026-08-15T09:38:16.040Z,"23 km ESE of Naalehu, Hawaii",earthquake,0.75,2.1099999,0.25,28,automatic,hv,hv
2026-08-15T06:28:51.109Z,-8.2671,121.3664,10,5.1,mb,58,76,3.224,1.05,us,us6000tkwq,2026-08-15T06:45:05.040Z,"71 km NNW of Ende, Indonesia",earthquake,8.27,1.875,0.081,49,reviewed,us,us
2026-08-15T06:11:43.760Z,19.453166666667,-155.241,21.73,2.58,ml,61,46,0.03313,0.13,hv,hv75019107,2026-08-15T06:29:11.340Z,"1 km NNW of Volcano, Hawaii",earthquake,0.23,0.39,0.34895075322881,44,reviewed,hv,hv
2026-08-15T06:00:50.614Z,61.628,-149.83,26.9,2.7,ml,89,30,0.2,0.8,ak,aka2026qbwzhu,2026-08-15T08:45:46.263Z,"0 km WSW of Houston, Alaska",earthquake,1.7,1.7631,0.1,67,reviewed,ak,ak
2026-08-15T05:54:31.347Z,51.0209,-171.2326,10,2.9,ml,19,241,1.986,0.59,us,us6000tkxt,2026-08-15T13:23:26.040Z,"243 km ESE of Atka, Alaska",earthquake,9.13,2.022,0.081,20,reviewed,us,us
2026-08-15T05:45:08.046Z,-8.3681,121.3609,10,5,mb,47,75,3.184,1.19,us,us6000tkwj,2026-08-15T06:10:51.926Z,"62 km NNW of Ende, Indonesia",earthquake,8.32,1.916,0.086,43,reviewed,us,us
2026-08-15T04:31:18.890Z,-20.4191,-177.9262,544.691,4.2,mb,36,113,4.64,0.95,us,us6000tkwe,2026-08-15T05:03:04.040Z,"285 km WNW of Houma, Tonga",earthquake,14.23,8.748,0.088,36,reviewed,us,us
2026-08-15T04:27:59.380Z,18.491333333333,-64.7925,18.72,2.74,md,4,201,0.1781,0.08,pr,pr71528518,2026-08-15T10:24:09.940Z,"17 km N of Cruz Bay, U.S. Virgin Islands",earthquake,2.69,1.11,0.05135227710775,4,reviewed,pr,pr
2026-08-15T04:26:28.261Z,52.275,-169.492,22.4,2.7,ml,20,224,0.5,0.7,ak,aka2026qbtske,2026-08-15T08:25:11.974Z,"85 km SSW of Nikolski, Alaska",earthquake,7.4,4.0823,0.2,16,reviewed,ak,ak
2026-08-15T04:23:07.762Z,-8.3988,121.2851,10,4.6,mb,16,131,3.239,1.15,us,us6000tkwd,2026-08-15T04:43:31.040Z,"64 km NW of Ende, Indonesia",earthquake,10.43,1.916,0.158,12,reviewed,us,us
2026-08-15T04:07:43.963Z,51.522,-173.412,20,2.6,ml,19,303,0.8,0.7,ak,aka2026qbtfgi,2026-08-15T08:23:57.836Z,"92 km SE of Atka, Alaska",earthquake,7.8,0,0.1,15,reviewed,ak,ak
2026-08-15T03:57:58.203Z,51.259,178.794,40.9,2.6,ml,13,268,0.3,0.7,ak,aka2026qbswum,2026-08-15T08:21:21.209Z,"Rat Islands, Aleutian Islands, Alaska",earthquake,10.7,6.8468,0.2,11,reviewed,ak,ak
2026-08-15T03:54:13.099Z,-8.32,121.3458,10,5,mb,23,75,3.219,1.17,us,us6000tkw9,2026-08-15T04:08:46.040Z,"67 km NNW of Ende, Indonesia",earthquake,7.44,1.767,0.137,17,reviewed,us,us
2026-08-15T02:46:55.923Z,-8.299,121.3427,10,4.9,mb,32,75,3.231,1.05,us,us6000tkw2,2026-08-15T03:01:55.040Z,"69 km NNW of Ende, Indonesia",earthquake,6.61,1.881,0.125,20,reviewed,us,us
2026-08-15T02:18:46.795Z,-8.2289,121.3629,10,4.5,mb,13,108,3.245,1.34,us,us6000tkw0,2026-08-15T02:48:43.040Z,"75 km NNW of Ende, Indonesia",earthquake,8.57,1.936,0.181,9,reviewed,us,us
2026-08-15T02:03:45.840Z,-8.1754,121.2637,10,4.6,mb,16,131,3.357,0.73,us,us6000tkvy,2026-08-15T02:25:48.040Z,"85 km NNW of Ende, Indonesia",earthquake,11.22,1.941,0.164,11,reviewed,us,us
2026-08-15T01:37:40.307Z,-8.0505,120.5052,10,4.9,mb,30,81,3.108,0.91,us,us6000tkvt,2026-08-15T01:53:40.040Z,"62 km N of Ruteng, Indonesia",earthquake,8.27,1.9,0.115,24,reviewed,us,us
2026-08-15T01:17:20.014Z,-8.0088,120.6888,10,5.1,mb,28,65,3.117,0.84,us,us6000tkvp,2026-08-15T01:32:34.040Z,"71 km NNE of Ruteng, Indonesia",earthquake,8.3,1.884,0.139,17,reviewed,us,us
2026-08-15T01:10:51.635Z,37.2084,141.1138,50.197,4.7,mb,45,143,2.422,0.68,us,us6000tkvn,2026-08-15T01:31:41.564Z,"16 km SSE of Tomioka, Japan",earthquake,9.11,7.64,0.067,67,reviewed,us,us
2026-08-15T01:05:14.940Z,31.5035,-116.93316666667,14.11,3.25,ml,8,250,0.2963,0.12,ci,ci40672930,2026-08-16T15:51:24.398Z,"42 km SW of Maneadero, B.C., MX",earthquake,0.57,0.67,0.21877963116175,213,reviewed,ci,ci
2026-08-15T00:43:29.640Z,50.3745,156.3863,78.982,5.4,mb,52,120,2.857,0.71,us,us6000tkvj,2026-08-16T00:49:41.632Z,"38 km SSE of Severo-Kuril’sk, Russia",earthquake,10.41,2.778,0.032,327,reviewed,us,us
2026-08-15T00:40:18.406Z,-8.248,121.4162,10,5.1,mb,26,67,3.19,1.03,us,us6000tkvh,2026-08-15T01:02:17.040Z,"71 km NNW of Ende, Indonesia",earthquake,8.48,1.882,0.112,26,reviewed,us,us
2026-08-15T00:40:13.397Z,-62.9125,165.89,10,5.3,mb,19,134,14.735,1.24,us,us6000tkvi,2026-08-15T00:58:24.040Z,"Balleny Islands region",earthquake,15.96,1.944,0.141,19,reviewed,us,us
2026-08-15T00:20:27.120Z,-8.6065,121.2789,10,4.6,mb,26,127,3.163,1.05,us,us6000tkvg,2026-08-15T03:30:59.040Z,"49 km WNW of Ende, Indonesia",earthquake,10.63,1.902,0.116,23,reviewed,us,us
2026-08-15T00:09:46.056Z,51.267,-176.18,14.3,2.6,ml,24,238,0.6,0.7,ak,aka2026qblgxp,2026-08-16T05:08:41.263Z,"74 km SSE of Adak, Alaska",earthquake,6.5,2.619,0.1,19,reviewed,ak,ak
2026-08-15T00:03:22.963Z,-8.2265,121.3126,10,4.7,mb,34,83,3.29,0.96,us,us6000tkvd,2026-08-15T02:43:05.040Z,"78 km NNW of Ende, Indonesia",earthquake,8.73,1.889,0.108,27,reviewed,us,us
2026-08-14T23:52:55.591Z,-8.1975,121.5158,10,4.8,mb,31,85,3.128,0.92,us,us6000tkvc,2026-08-15T02:16:19.040Z,"73 km NNW of Ende, Indonesia",earthquake,8.51,1.865,0.135,21,reviewed,us,us
2026-08-14T23:49:58.157Z,-8.2074,121.3939,10,4.5,mb,18,118,3.228,0.86,us,us6000tkvb,2026-08-15T01:34:03.040Z,"76 km NNW of Ende, Indonesia",earthquake,7.48,1.895,0.135,17,reviewed,us,us
2026-08-14T23:34:50.217Z,31.213,-103.388,5.5359,2.8,ml,34,69,0.1,0.5,tx,tx2026pyvhfj,2026-08-17T14:38:06.077Z,"22 km SE of Lindsay, Texas",earthquake,0.92777572491936,1.943635362488,0.2,18,reviewed,tx,tx
2026-08-14T23:17:11.657Z,57.837,-152.83,44.2,2.8,ml,43,90,0.1,0.6,ak,aka2026qbjngl,2026-08-15T07:20:01.795Z,"4 km SE of Port Lions, Alaska",earthquake,4.4,4.7058,0.1,18,reviewed,ak,ak
2026-08-14T23:17:05.284Z,-8.3348,121.359,10,5,mb,45,80,3.2,1.1,us,us6000tkv9,2026-08-14T23:48:23.040Z,"65 km NNW of Ende, Indonesia",earthquake,5.18,1.836,0.088,41,reviewed,us,us
2026-08-14T23:12:31.091Z,-8.1694,120.4166,10,5.1,mb,29,118,3.203,1.13,us,us6000tkv7,2026-08-14T23:38:30.040Z,"49 km N of Ruteng, Indonesia",earthquake,7.93,1.82,0.135,18,reviewed,us,us
2026-08-14T23:04:40.797Z,37.0789,-3.6486,10,5.2,mb,43,76,2.523,0.97,us,us6000tkv2,2026-08-18T17:32:15.836Z,"1 km SW of Otura, Spain",earthquake,6.94,1.862,0.057,103,reviewed,us,us
2026-08-14T23:00:03.603Z,-8.2899,120.829,11.296,4.8,mb,33,61,3.426,1.12,us,us6000tl1g,2026-08-15T15:30:48.040Z,"53 km NE of Ruteng, Indonesia",earthquake,6.12,4.312,0.105,28,reviewed,us,us
2026-08-14T22:59:12.662Z,-8.146,120.2424,10,4.7,mb,42,79,3.149,1,us,us6000tkv1,2026-08-15T15:42:42.040Z,"55 km NE of Labuan Bajo, Indonesia",earthquake,10.21,1.892,0.091,37,reviewed,us,us
2026-08-14T22:54:54.655Z,54.5268,-161.763,35,3.4,mb,15,185,0.99,0.68,us,us6000tkuv,2026-08-15T07:59:01.407Z,"69 km SSE of King Cove, Alaska",earthquake,5.28,2.014,0.245,4,reviewed,us,us
2026-08-14T22:53:16.070Z,56.3531,-149.4328,10,2.6,ml,35,223,2.239,0.65,us,us6000tkx9,2026-08-15T22:05:49.040Z,"222 km SE of Chiniak, Alaska",earthquake,8.25,2.014,0.061,35,reviewed,us,us
2026-08-14T22:53:11.834Z,-8.2053,120.2253,10,5.3,mb,63,41,3.205,0.92,us,us6000tkuw,2026-08-14T23:27:48.040Z,"49 km NE of Labuan Bajo, Indonesia",earthquake,7.73,1.447,0.071,67,reviewed,us,us
2026-08-14T22:37:17.172Z,-8.1604,120.1908,10,5.5,mb,43,47,3.156,1.1,us,us6000tkuf,2026-08-15T22:44:35.679Z,"49 km NE of Labuan Bajo, Indonesia",earthquake,5.63,1.871,0.101,34,reviewed,us,us
2026-08-14T22:31:50.282Z,50.819,-174.023,20,3.1,ml,17,294,1.4,0.8,ak,aka2026qbiaba,2026-08-16T08:30:05.306Z,"153 km S of Atka, Alaska",earthquake,8.4,0,0.1,10,reviewed,ak,ak
2026-08-14T22:31:34.219Z,60.743,-150.04,37.9,3,ml,96,51,0.4,0.8,ak,aka2026qbhztk,2026-08-17T17:48:20.449Z,"29 km SW of Hope, Alaska",earthquake,2,3.0436,0.3,51,reviewed,ak,ak
2026-08-14T22:28:37.550Z,-8.3186,121.5717,10,6.1,mb,67,50,3.021,0.92,us,us6000tkuc,2026-08-15T22:35:09.688Z,"58 km N of Ende, Indonesia",earthquake,7.4,1.828,0.065,92,reviewed,us,us
2026-08-14T22:18:06.706Z,-8.3406,121.4284,10,5.6,mb,24,132,3.136,1.04,us,us6000tku7,2026-08-15T22:24:14.330Z,"61 km NNW of Ende, Indonesia",earthquake,6.02,1.826,0.116,26,reviewed,us,us
2026-08-14T22:17:00.060Z,-8.4696,121.0058,10,5.5,mb,46,110,3.465,1.07,us,us6000tkub,2026-08-16T00:22:18.713Z,"61 km ENE of Ruteng, Indonesia",earthquake,9.75,1.991,0.102,33,reviewed,us,us
2026-08-14T22:13:50.869Z,-8.2849,120.1465,10,5.9,mb,72,36,3.273,1.65,us,us6000tkta,2026-08-15T22:21:58.789Z,"36 km NE of Labuan Bajo, Indonesia",earthquake,6.41,1.65,0.062,97,reviewed,us,us
2026-08-14T21:58:21.564Z,-8.3101,121.3517,10,7.7,mww,107,36,3.218,1.16,us,us6000tkt2,2026-08-18T18:30:19.243Z,"68 km NNW of Ende, Indonesia",earthquake,8.12,1.783,0.032,92,reviewed,us,us
2026-08-14T20:48:29.543Z,52.239,-169.478,20.6,2.9,ml,20,227,0.6,0.5,ak,aka2026qbeojw,2026-08-16T08:19:39.037Z,"88 km SSW of Nikolski, Alaska",earthquake,7.6,5.1505,0.1,16,reviewed,ak,ak
2026-08-14T20:43:36.028Z,61.936,-151.014,67.7,3.1,ml,128,21,0.2,0.7,ak,aka2026qbekdq,2026-08-17T17:46:43.973Z,"21 km ESE of Skwentna, Alaska",earthquake,1.7,2.177,0.1,96,reviewed,ak,ak
2026-08-14T20:38:32.240Z,37.450668334961,-118.84283447266,2.6900000572205,3.4,ml,20,66,,0.12,nc,nc75418367,2026-08-15T14:41:14.040Z,"19 km SW of Toms Place, CA",earthquake,0.29,2.75,0.346,26,automatic,nc,nc
2026-08-14T20:23:53.872Z,-10.4124,161.7858,69.797,4.8,mb,49,102,2.053,0.72,us,us6000tksg,2026-08-14T21:17:19.594Z,"15 km WNW of Kirakira, Solomon Islands",earthquake,9.47,7.225,0.078,51,reviewed,us,us
2026-08-14T19:44:39.522Z,51.764,-167.243,13.9,3.1,ml,38,229,1.6,0.4,ak,aka2026qbclbk,2026-08-16T08:05:04.106Z,"171 km SE of Nikolski, Alaska",earthquake,9.2,7.8353,0.3,28,reviewed,ak,ak
2026-08-14T19:07:13.221Z,56.641,-148.064,20,2.9,ml,28,235,2.7,0.6,ak,aka2026qbbemu,2026-08-16T07:56:41.612Z,"277 km ESE of Chiniak, Alaska",earthquake,7.5,0,0.3,22,reviewed,ak,ak
2026-08-14T18:57:08.809Z,59.619,-152.181,71.7,2.6,ml,98,86,0.5,0.7,ak,aka2026qbavul,2026-08-16T07:52:58.010Z,"26 km SW of Anchor Point, Alaska",earthquake,2,1.8936,0.1,73,reviewed,ak,ak
2026-08-14T18:33:25.499Z,-12.3805,167.4799,369.326,4.5,mb,52,125,7.953,0.53,us,us6000tkrw,2026-08-14T18:49:57.040Z,"165 km N of Sola, Vanuatu",earthquake,13.95,9.832,0.058,87,reviewed,us,us
2026-08-14T18:20:25.569Z,62.261,-152.333,5,2.6,ml,74,20,0.5,0.8,ak,aka2026qazpzy,2026-08-16T07:36:26.296Z,"57 km WNW of Skwentna, Alaska",earthquake,2.6,0,0.1,56,reviewed,ak,ak
2026-08-14T18:03:54.327Z,4.2883,128.0475,10,4.7,mb,56,95,3.697,0.66,us,us6000tkrs,2026-08-14T18:28:29.040Z,"283 km N of Tobelo, Indonesia",earthquake,11.04,1.886,0.065,72,reviewed,us,us
2026-08-14T17:51:00.190Z,18.4435,-64.1005,73.97,3.03,md,5,303,0.2903,0.14,pr,pr71528493,2026-08-14T18:37:55.040Z,"74 km E of Cruz Bay, U.S. Virgin Islands",earthquake,1.23,1.32,0.031802742398905,4,reviewed,pr,pr
2026-08-14T17:47:42.334Z,51.371,158.869,35,4.5,mb,40,137,1.883,0.52,us,us6000tkrq,2026-08-14T18:14:43.040Z,"165 km E of Ozernovskiy, Russia",earthquake,11.64,1.941,0.094,33,reviewed,us,us
2026-08-14T17:10:20.290Z,56.14,-150.204,10,2.9,ml,25,242,2.1,0.8,ak,aka2026qaxgpi,2026-08-14T22:25:19.574Z,"207 km SE of Chiniak, Alaska",earthquake,8.5,0,0.2,18,reviewed,ak,ak
2026-08-14T16:56:14.767Z,41.1279,48.7787,10,4.9,mb,75,58,1.821,0.69,us,us6000tkrg,2026-08-14T18:48:20.916Z,"19 km WSW of Divichibazar, Azerbaijan",earthquake,7.01,1.861,0.05,125,reviewed,us,us
2026-08-14T16:42:41.177Z,60.217,-150.924,67.1,2.5,ml,88,71,0.4,0.6,ak,aka2026qawjgu,2026-08-16T07:34:24.532Z,"23 km SE of Kasilof, Alaska",earthquake,2.1,2.5622,0.1,66,reviewed,ak,ak
2026-08-14T16:14:39.912Z,39.63,20.5892,10,4.1,mb,23,119,1.485,1.29,us,us6000tkr4,2026-08-15T18:39:33.040Z,"14 km SW of Rodotópi, Greece",earthquake,6.7,1.954,0.198,7,reviewed,us,us
2026-08-14T16:14:08.382Z,54.5728,-160.1802,10,2.9,ml,23,211,1.132,0.89,us,us6000tktp,2026-08-15T18:30:26.040Z,"87 km SSE of Sand Point, Alaska",earthquake,6.51,2.008,0.097,14,reviewed,us,us
2026-08-14T15:06:55.458Z,51.385,-173.366,1.4,2.7,ml,12,306,1,0.8,ak,aka2026qatefc,2026-08-16T07:11:31.632Z,"107 km SSE of Atka, Alaska",earthquake,34.1,14.1788,0.1,10,reviewed,ak,ak
2026-08-14T14:51:56.941Z,55.146,-159.484,26.6,2.5,ml,24,245,0.9,0.4,ak,aka2026qasret,2026-08-16T07:08:39.888Z,"68 km ESE of Sand Point, Alaska",earthquake,7.6,4.5914,0.2,17,reviewed,ak,ak
2026-08-14T14:36:05.657Z,51.498,-176.563,52.1,2.7,ml,23,210,0.4,0.5,ak,aka2026qasdnc,2026-08-16T07:03:31.873Z,"42 km S of Adak, Alaska",earthquake,19.6,9.1904,0.2,18,reviewed,ak,ak
2026-08-14T13:42:52.790Z,40.2091,142.7293,10,4.4,mb,36,137,1.395,0.62,us,us6000tkpq,2026-08-15T18:09:09.040Z,"78 km E of Noda, Japan",earthquake,8.89,1.916,0.087,38,reviewed,us,us
2026-08-14T13:33:27.645Z,51.7282,-179.5273,96.399,3.2,ml,23,138,0.42,0.48,us,us6000tktg,2026-08-15T17:48:04.040Z,"200 km W of Adak, Alaska",earthquake,9.04,6.303,0.085,18,reviewed,us,us
2026-08-14T12:31:45.680Z,34.537833333333,-120.5,6.19,2.53,ml,33,180,0.01492,0.25,ci,ci40672458,2026-08-14T17:52:07.607Z,"12 km SSW of Lompoc, CA",earthquake,0.38,0.59,0.12331029153249,24,reviewed,ci,ci
2026-08-14T12:28:54.370Z,17.4113,-68.0401,5,3.74,md,8,253,1.1045,0.45,pr,pr2026226000,2026-08-14T14:15:35.179Z,"110 km SW of Pole Ojea, Puerto Rico",earthquake,9.97,6.78,0.15,5,reviewed,pr,pr
2026-08-14T12:11:42.520Z,40.291168212891,-124.28099822998,10.300000190735,2.66,md,33,125,0.03087,0.18,nc,nc75418182,2026-08-14T15:17:26.511Z,"4 km S of Petrolia, CA",earthquake,0.54,0.370000005,0.15,32,automatic,nc,nc
2026-08-14T11:09:14.330Z,20.020166397095,-155.79516601562,31.420000076294,2.5,md,35,142,0.1059,0.25999999,hv,hv75018627,2026-08-14T12:59:05.040Z,"7 km NE of Puako, Hawaii",earthquake,0.75,1.44000006,0.12245247863906,10,automatic,hv,hv
2026-08-14T09:58:43.693Z,33.615,141.619,10,4.8,mb,38,114,4.038,1.08,us,us6000tkmy,2026-08-14T10:25:28.040Z,"207 km SE of Katsuura, Japan",earthquake,9.46,1.882,0.107,27,reviewed,us,us
2026-08-14T09:48:00.694Z,53.724,-164.566,29.2,2.9,ml,40,209,0.8,0.5,ak,aka2026qainsg,2026-08-16T06:46:31.768Z,"91 km ESE of Akutan, Alaska",earthquake,5.7,2.8616,0.1,31,reviewed,ak,ak
2026-08-14T09:46:24.090Z,19.166500091553,-155.35433959961,28.010000228882,2.51,ml,56,178,0.08156,0.150000006,hv,hv75018602,2026-08-15T07:35:27.040Z,"13 km ESE of Pāhala, Hawaii",earthquake,0.48,0.589999974,0.26,20,automatic,hv,hv
2026-08-14T08:29:05.807Z,36.1183,58.4214,10,4.2,mb,22,180,1.824,1,us,us6000tkml,2026-08-14T09:25:06.040Z,"35 km WSW of Neyshābūr, Iran",earthquake,7.4,1.902,0.141,14,reviewed,us,us
2026-08-14T08:22:17.251Z,60.708,-151.15,70.7,2.6,ml,83,43,0.1,0.7,ak,aka2026qafrlh,2026-08-16T06:38:25.471Z,"7 km ENE of Nikiski, Alaska",earthquake,2,2.1258,0.2,61,reviewed,ak,ak
2026-08-14T08:12:10.030Z,18.208833333333,-67.195333333333,109.73,3.14,md,17,146,0.0488,0.2,pr,pr71528453,2026-08-14T10:27:39.440Z,"5 km W of Mayagüez, Puerto Rico",earthquake,1.12,0.67,0.11400190825862,11,reviewed,pr,pr
2026-08-14T07:05:42.341Z,51.197,-179.26,16.3,2.7,ml,23,214,0.5,0.5,ak,aka2026qaddaa,2026-08-16T06:27:02.877Z,"197 km WSW of Adak, Alaska",earthquake,6.7,2.6361,0.1,19,reviewed,ak,ak
2026-08-14T06:02:40.605Z,51.092,-178.848,20.5,2.8,ml,28,222,0.5,0.6,ak,aka2026qabaix,2026-08-16T05:43:13.994Z,"176 km WSW of Adak, Alaska",earthquake,6.6,3.1379,0.1,21,reviewed,ak,ak
2026-08-14T05:33:13.500Z,52.761,-168.257,33.3,2.6,ml,28,226,0.4,0.6,ak,aka2026qaaaug,2026-08-16T05:36:34.347Z,"45 km ESE of Nikolski, Alaska",earthquake,8,4.6593,0.1,20,reviewed,ak,ak
2026-08-14T04:58:48.780Z,33.9925,-118.87166666667,14.92,2.49,ml,90,125,0.05514,0.25,ci,ci40672266,2026-08-15T08:15:44.923Z,"6 km WSW of Malibu, CA",earthquake,0.27,0.3,0.10125167149485,22,reviewed,ci,ci
2026-08-14T04:53:15.378Z,27.6391,139.5875,516.445,4.8,mb,71,117,7.694,0.52,us,us6000tklc,2026-08-14T05:07:20.040Z,"Bonin Islands, Japan region",earthquake,11.75,8.611,0.043,167,reviewed,us,us
2026-08-14T03:40:25.888Z,51.685,-170.302,20,2.9,ml,13,324,1.2,0.8,ak,aka2026pzwhgg,2026-08-15T07:45:01.844Z,"170 km SW of Nikolski, Alaska",earthquake,12.7,0,0.1,8,reviewed,ak,ak
2026-08-14T03:10:52.682Z,53.418,-167.018,10,4,ml,59,191,0.4,1,ak,aka2026pzvhjk,2026-08-15T07:37:39.588Z,"60 km SSW of Unalaska, Alaska",earthquake,4.1,0,0.1,43,reviewed,ak,ak
2026-08-14T02:57:58.190Z,31.435,-115.3415,3.85,2.73,ml,9,131,0.2501,0.21,ci,ci40672226,2026-08-16T19:08:57.920Z,"90 km S of Alberto Oviedo Mota, B.C., MX",earthquake,0.51,1.67,0.20645460737311,77,reviewed,ci,ci
2026-08-14T01:58:14.647Z,52.001,176.313,3.8,3.3,ml,9,192,1.4,0.5,ak,aka2026pzswoc,2026-08-15T07:29:10.954Z,"232 km ESE of Attu Station, Alaska",earthquake,33.3,11.4318,0.1,7,reviewed,ak,ak
2026-08-14T01:14:53.627Z,5.3865,125.1585,92.559,4.9,mb,43,95,1.724,0.92,us,us6000tkkw,2026-08-14T08:59:22.925Z,"29 km SW of Balangonan, Philippines",earthquake,10.62,7.109,0.088,41,reviewed,us,us
2026-08-13T23:48:43.905Z,52.9217,-167.4945,35,3.2,mb,38,212,0.551,0.9,us,us6000tkmr,2026-08-15T03:40:41.040Z,"91 km E of Nikolski, Alaska",earthquake,3.79,2.002,0.196,6,reviewed,us,us
2026-08-13T23:42:48.442Z,46.5132,-103.4049,5,2.6,mb_lg,12,129,1.872,1.61,us,us6000tkkg,2026-08-15T21:52:26.040Z,"7 km WNW of Amidon, North Dakota",earthquake,2.3,1.994,0.09,32,reviewed,us,us
2026-08-13T23:40:03.775Z,28.815,-98.987,7.4418,2.5,ml,44,80,0.1,0.4,tx,tx2026pwzswu,2026-08-14T23:50:43.210Z,"13 km SE of Pearsall, Texas",earthquake,1.2310980209979,0.60903536514853,0.1,19,reviewed,tx,tx
2026-08-13T23:26:17.980Z,34.6805,-95.984,7,2.67,ml,101,70,0,0.35,ok,ok2026pvbc,2026-08-14T15:44:25.695Z,"5 km NE of Wardville, Oklahoma",earthquake,,1,0.28,33,reviewed,ok,ok
2026-08-13T23:11:57.925Z,36.9807,71.0489,110.31,4.2,mb,18,172,1.752,0.39,us,us6000tkkb,2026-08-14T01:11:08.040Z,"23 km NE of Jurm, Afghanistan",earthquake,8.96,11.263,0.2,7,reviewed,us,us
2026-08-13T21:43:11.975Z,51.728,-175.286,113.5,2.5,ml,24,218,0.5,0.6,ak,aka2026pzkiqi,2026-08-14T08:42:21.554Z,"90 km SW of Atka, Alaska",earthquake,37.4,7.154,0.1,19,reviewed,ak,ak
2026-08-13T20:29:27.378Z,54.379,-161.504,5.4,2.7,ml,23,224,0.8,0.5,ak,aka2026pzhxil,2026-08-13T20:39:58.842Z,"92 km SE of King Cove, Alaska",earthquake,5.9,3.2903,0.1,17,reviewed,ak,ak
2026-08-13T20:24:36.504Z,65.428,-172.639,10.9,3.6,ml,26,285,4.1,0.5,ak,aka2026pzhtah,2026-08-13T20:38:44.110Z,"44 km WSW of Lorino, Russia",earthquake,32.9,22.7498,0.1,10,reviewed,ak,ak
2026-08-13T20:05:09.830Z,19.147833333333,-155.49916666667,31.79,3.1,ml,53,147,0.03583,0.12,hv,hv75018112,2026-08-14T01:38:25.960Z,"6 km SSW of Pāhala, Hawaii",earthquake,0.45,0.53,0.208022069791,42,reviewed,hv,hv
2026-08-13T19:16:43.780Z,18.2241,-67.6655,104,3.56,md,24,181,0.5207,0.3,pr,pr2026225000,2026-08-13T21:18:20.460Z,"45 km WSW of Stella, Puerto Rico",earthquake,1.89,1.14,0.09,15,reviewed,pr,pr
2026-08-13T19:09:50.313Z,50.977,-179.76,11.2,2.5,ml,12,249,0.7,0.7,ak,aka2026pzfgfd,2026-08-13T20:58:41.872Z,"239 km WSW of Adak, Alaska",earthquake,8.9,2.8493,0.2,9,reviewed,ak,ak
2026-08-13T18:39:31.327Z,5.3002,125.4836,66.312,5.3,mww,83,72,1.76,1.1,us,us6000tkig,2026-08-14T08:57:23.997Z,"11 km S of Sarangani, Philippines",earthquake,8.38,6.556,0.069,20,reviewed,us,us
2026-08-13T17:39:29.650Z,-56.8562,147.2281,10,5.1,mww,33,82,7.032,0.56,us,us6000tki8,2026-08-13T18:20:21.040Z,"west of Macquarie Island",earthquake,12.44,1.866,0.083,14,reviewed,us,us
2026-08-13T17:19:25.330Z,18.122333333333,-67.044333333333,20.12,2.81,md,14,94,0.06615,0.12,pr,pr71528393,2026-08-13T18:33:51.550Z,"4 km N of San Germán, Puerto Rico",earthquake,0.34,0.74,0.11068509371715,13,reviewed,pr,pr
2026-08-13T16:46:25.568Z,51.8842,-174.4147,192.471,2.9,ml,18,195,0.345,0.62,us,us6000tkmi,2026-08-15T17:43:03.040Z,"37 km SSW of Atka, Alaska",earthquake,15.52,9.503,0.085,18,reviewed,us,us
2026-08-13T16:11:45.826Z,-28.6742,-176.3124,10,5.6,mww,66,56,1.526,1.15,us,us6000tkhm,2026-08-14T16:17:35.168Z,"Kermadec Islands region",earthquake,10.98,1.816,0.054,33,reviewed,us,us
2026-08-13T16:07:22.530Z,37.756833333333,-122.149,5.5,2.83,md,147,28,0.02085,0.12,nc,nc75417582,2026-08-17T17:23:32.852Z,"4 km N of San Leandro, CA",earthquake,0.1,0.16,0.144,86,reviewed,nc,nc
2026-08-13T16:04:56.421Z,51.97,-169.133,7.8,2.5,ml,12,303,0.9,0.4,ak,aka2026pyzbyz,2026-08-14T08:19:10.520Z,"109 km S of Nikolski, Alaska",earthquake,10.7,4.8775,0.1,8,reviewed,ak,ak
2026-08-13T15:30:04.700Z,37.755166666667,-122.15016666667,5.55,3.84,mw,204,16,0.01915,0.18,nc,nc75417557,2026-08-18T17:27:53.206Z,"3 km N of San Leandro, CA",earthquake,0.1,0.17,,7,reviewed,nc,nc
2026-08-13T15:28:16.341Z,51.5849,-173.3013,35.467,3.7,mb,44,165,0.831,0.86,us,us6000tkmd,2026-08-15T17:27:30.040Z,"91 km SE of Atka, Alaska",earthquake,4.15,9.976,0.119,19,reviewed,us,us
2026-08-13T15:22:54.022Z,51.062,-178.981,22.5,2.5,ml,16,224,0.5,0.4,ak,aka2026pyxrmo,2026-08-14T08:08:35.766Z,"186 km WSW of Adak, Alaska",earthquake,8.6,4.1898,0.1,13,reviewed,ak,ak
2026-08-13T14:42:32.192Z,4.8666,-76.3547,105.616,4.3,mb,34,101,1.551,1.08,us,us6000tkha,2026-08-13T18:33:04.062Z,"13 km WSW of San José del Palmar, Colombia",earthquake,7.16,9.711,0.153,12,reviewed,us,us
2026-08-13T14:39:37.774Z,-17.6737,-178.6261,561.836,4.3,mb,20,132,2.255,0.61,us,us6000tkhc,2026-08-13T17:40:21.040Z,"222 km ENE of Levuka, Fiji",earthquake,12,11.59,0.142,16,reviewed,us,us
2026-08-13T14:22:53.541Z,0.8968,96.7701,10,4.3,mb,13,202,0.901,0.95,us,us6000tkh9,2026-08-15T14:33:30.040Z,"103 km WSW of Gunungsitoli, Indonesia",earthquake,7.33,1.941,0.202,8,reviewed,us,us
2026-08-13T13:16:49.690Z,20.106666666667,-156.371,30.27,2.85,ml,50,220,0.4489,0.16,hv,hv75017772,2026-08-15T14:16:16.040Z,"57 km WNW of Puako, Hawaii",earthquake,0.5,1.21,0.15576382541499,17,reviewed,hv,hv
2026-08-13T12:44:59.102Z,-4.4318,143.8885,134.025,5,mb,57,40,3.706,0.58,us,us6000tkgn,2026-08-15T13:21:48.252Z,"45 km SSW of Angoram, Papua New Guinea",earthquake,7.51,7.438,0.092,38,reviewed,us,us
2026-08-13T11:09:14.021Z,51.8674,-179.3197,186.898,2.9,ml,16,160,0.365,0.31,us,us6000tkm6,2026-08-14T10:59:35.040Z,"184 km W of Adak, Alaska",earthquake,9.2,6.343,0.085,18,reviewed,us,us
2026-08-13T10:57:26.460Z,38.513833333333,-112.88566666667,3.71,2.56,ml,34,43,0.003944,0.16,uu,uu80148601,2026-08-14T10:57:20.040Z,"16 km NE of Milford, Utah",earthquake,0.25,0.21,0.0809782919438,24,reviewed,uu,uu
2026-08-13T10:23:19.536Z,-8.4115,114.1762,145.679,4.6,mb,39,75,0.063,0.83,us,us6000tkg4,2026-08-15T00:44:35.946Z,"3 km ESE of Gambiran Satu, Indonesia",earthquake,9.61,6.401,0.102,36,reviewed,us,us
2026-08-13T10:12:50.685Z,50.95,178.021,12.6,2.8,ml,7,305,0.9,0.3,ak,aka2026pynipu,2026-08-13T20:51:52.710Z,"Rat Islands, Aleutian Islands, Alaska",earthquake,11.6,5.2322,0.1,7,reviewed,ak,ak
2026-08-13T10:05:32.080Z,54.3291,-161.6461,10,2.6,ml,10,278,0.832,0.47,us,us6000tkjg,2026-08-14T10:51:24.040Z,"92 km SSE of King Cove, Alaska",earthquake,3.19,1.884,0.148,6,reviewed,us,us
2026-08-13T09:31:25.774Z,52.358,-169.823,11.3,2.6,ml,15,296,0.4,0.6,ak,aka2026pylytt,2026-08-13T20:41:27.032Z,"91 km SW of Nikolski, Alaska",earthquake,9.2,3.7074,0.3,13,reviewed,ak,ak
2026-08-13T09:31:18.030Z,32.913,-116.24966666667,7.82,2.63,ml,86,46,0.1475,0.21,ci,ci40671666,2026-08-14T08:42:48.040Z,"28 km SSW of Ocotillo Wells, CA",earthquake,0.14,1.02,0.14242229435651,134,reviewed,ci,ci
2026-08-13T09:22:58.999Z,6.2479,125.8789,91.206,5.1,mww,88,50,0.869,0.99,us,us6000tkfh,2026-08-14T09:01:18.082Z,"22 km ENE of Lapuan, Philippines",earthquake,8.64,6.417,0.08,15,reviewed,us,us
2026-08-13T08:40:25.300Z,18.286166666667,-67.424833333333,14.39,2.48,md,7,201,0.1105,0.08,pr,pr71528353,2026-08-13T10:32:23.990Z,"19 km WSW of Stella, Puerto Rico",earthquake,0.61,0.76,0.094097418461491,4,reviewed,pr,pr
2026-08-13T08:22:33.319Z,51.761,178.304,100.6,2.5,ml,10,271,0.2,0.3,ak,aka2026pyjqzt,2026-08-13T20:26:04.463Z,"Rat Islands, Aleutian Islands, Alaska",earthquake,17.4,4.6791,0.3,8,reviewed,ak,ak
2026-08-13T08:17:42.250Z,31.614,-103.967,8.8043,2.9,ml,58,27,0,0.2,tx,tx2026pvveaq,2026-08-13T21:34:06.974Z,"36 km WSW of Mentone, Texas",earthquake,0.34640013946711,0.38570361517669,0.1,37,reviewed,tx,tx
2026-08-13T07:59:43.650Z,52.252,-169.472,24.2,2.7,ml,22,223,0.6,0.7,ak,aka2026pyixgy,2026-08-13T20:25:30.771Z,"86 km SSW of Nikolski, Alaska",earthquake,7.9,4.8656,0.1,18,reviewed,ak,ak
2026-08-13T07:31:08.712Z,51.468,-179.676,73.6,3.4,ml,37,182,0.5,0.6,ak,aka2026pyhymj,2026-08-13T20:23:08.629Z,"215 km WSW of Adak, Alaska",earthquake,10.8,3.1012,0.2,24,reviewed,ak,ak
2026-08-13T07:20:56.933Z,58.801,-141.523,36.4,2.8,ml,42,171,1.2,0.6,ak,aka2026pyhpqg,2026-08-13T20:19:50.556Z,"132 km SW of Yakutat, Alaska",earthquake,7.2,27.3167,0.2,31,reviewed,ak,ak
2026-08-13T07:09:24.608Z,48.738,155.3646,35,4.5,mb,54,135,4.618,0.7,us,us6000tkeb,2026-08-13T09:06:38.040Z,"222 km SSW of Severo-Kuril’sk, Russia",earthquake,11.14,1.922,0.06,80,reviewed,us,us
2026-08-13T06:30:25.846Z,31.845,-101.71,8.374,2.6,ml,102,55,0,0.2,tx,tx2026pvrppd,2026-08-13T09:52:13.486Z,"21 km W of Garden City, Texas",earthquake,0.34724726803755,0.61152635618066,0.1,48,reviewed,tx,tx
2026-08-13T05:02:08.232Z,18.7632,-104.0691,59.642,4.4,mb,46,199,2.826,0.49,us,us6000tkdq,2026-08-14T01:47:15.793Z,"17 km S of Cuyutlán, Mexico",earthquake,12.38,8.939,0.04,180,reviewed,us,us
2026-08-13T04:24:13.980Z,36.8572,74.2629,57.968,4.3,mb,38,81,2.026,1.13,us,us6000tkdf,2026-08-13T04:42:54.040Z,"70 km NNW of Barishal, Pakistan",earthquake,6.12,8.937,0.107,25,reviewed,us,us
2026-08-13T03:41:30.760Z,18.3075,-68.222166666667,110.18,3.38,md,14,188,0.2552,0.29,pr,pr71528348,2026-08-13T22:10:41.040Z,"35 km SSE of Punta Cana, Dominican Republic",earthquake,3.08,1.51,0.019180519534243,11,reviewed,pr,pr
2026-08-13T01:46:44.527Z,51.8674,176.3382,10,3.4,ml,10,199,1.349,0.45,us,us6000tke7,2026-08-13T22:03:08.040Z,"240 km ESE of Attu Station, Alaska",earthquake,8.42,1.991,0.115,10,reviewed,us,us
2026-08-13T01:31:51.020Z,17.982666666667,-66.941333333333,10.73,2.56,md,26,155,0.03281,0.17,pr,pr71528338,2026-08-13T01:48:10.620Z,"2 km WSW of Fuig, Puerto Rico",earthquake,0.35,0.34,0.088075161100936,8,reviewed,pr,pr
2026-08-13T01:22:14.495Z,54.2063,-162.394,9.749,2.5,ml,15,245,0.883,0.36,us,us6000tke6,2026-08-13T21:52:24.040Z,"95 km S of King Cove, Alaska",earthquake,2.9,8.498,0.115,10,reviewed,us,us
2026-08-13T00:35:18.815Z,36.7849,74.3579,58.893,5.1,mww,93,28,2.131,0.91,us,us6000tkci,2026-08-13T01:53:07.806Z,"59 km NNW of Barishal, Pakistan",earthquake,6.74,6.257,0.089,12,reviewed,us,us
2026-08-13T00:33:27.168Z,73.4757,7.8276,10,4.7,mww,36,60,5.164,1.08,us,us6000tkcj,2026-08-14T12:08:42.040Z,"Greenland Sea",earthquake,10.06,1.876,0.083,14,reviewed,us,us
2026-08-13T00:30:04.840Z,12.6084,-88.2864,56.794,5.5,mww,38,186,0.856,1.28,us,us6000tkcb,2026-08-13T14:15:42.806Z,"69 km SSW of Chirilagua, El Salvador",earthquake,6.07,11.206,0.047,43,reviewed,us,us
2026-08-12T23:27:29.210Z,40.028999328613,-123.44783020019,6.8800001144409,2.76,md,38,39,0.096,0.23,nc,nc75417167,2026-08-13T16:47:48.114Z,"31 km NNW of Covelo, CA",earthquake,0.33,0.75999999,0.09,52,automatic,nc,nc
2026-08-12T22:13:33.611Z,-17.8749,-178.554,570.792,5.1,mb,104,80,2.422,0.68,us,us6000tkba,2026-08-12T23:50:27.040Z,"226 km E of Levuka, Fiji",earthquake,10.85,5.288,0.025,538,reviewed,us,us
2026-08-12T21:36:20.973Z,55.96,-159.756,9.4,2.7,ml,21,165,0.2,0.8,ak,aka2026pxocue,2026-08-13T06:04:11.180Z,"18 km WNW of Ivanof Bay, Alaska",earthquake,11.4,3.453,0.1,17,reviewed,ak,ak
2026-08-12T21:25:20.192Z,20.4966,122.2726,10,4.7,mb,42,125,2.562,0.56,us,us6000tkax,2026-08-12T23:33:49.040Z,"31 km E of Basco, Philippines",earthquake,9.06,1.894,0.081,46,reviewed,us,us
2026-08-12T21:21:29.025Z,32.4765,130.4343,10,4.6,mb,31,125,0.964,0.57,us,us6000tkaw,2026-08-12T23:26:49.040Z,"15 km WSW of Honmachi, Japan",earthquake,6.11,1.875,0.091,36,reviewed,us,us
2026-08-12T21:16:23.142Z,53.166,178.13,110.6,3,ml,7,333,1.2,0.7,ak,aka2026pxnldr,2026-08-13T00:37:25.188Z,"Rat Islands, Aleutian Islands, Alaska",earthquake,52.9,24.8654,0.1,6,reviewed,ak,ak
2026-08-12T20:56:29.310Z,34.3845,-118.62866666667,4.22,2.63,ml,91,15,0.04246,0.26,ci,ci40671466,2026-08-17T19:06:53.018Z,"9 km SW of Valencia, CA",earthquake,0.15,0.41,0.1259195437149,181,reviewed,ci,ci
2026-08-12T20:03:54.806Z,54.501,-159.9532,35,3.6,mb,63,197,1.283,0.74,us,us6000tkc9,2026-08-13T14:47:49.040Z,"99 km SSE of Sand Point, Alaska",earthquake,5.08,2.007,0.354,3,reviewed,us,us
2026-08-12T19:54:21.437Z,21.9386,120.6514,15.766,4.4,mb,85,93,0.961,0.83,us,us6000tka7,2026-08-13T14:31:36.040Z,"11 km SW of Hengchun, Taiwan",earthquake,6.06,3.174,0.065,71,reviewed,us,us
2026-08-12T18:58:25.658Z,-6.5002,129.516,178.38,4.5,mb,85,35,2.002,0.67,us,us6000tk9q,2026-08-13T14:10:35.040Z,"Banda Sea",earthquake,7.71,6.657,0.065,75,reviewed,us,us
2026-08-12T18:34:07.074Z,51.6639,-173.5279,31.847,2.8,ml,18,210,0.68,1.02,us,us6000tkam,2026-08-12T22:12:36.040Z,"75 km SE of Atka, Alaska",earthquake,5.47,15.86,0.115,10,reviewed,us,us
2026-08-12T18:28:30.735Z,-17.3277,-69.7862,158.608,4.2,mb,27,120,0.391,0.71,us,us6000tk9l,2026-08-12T22:02:25.040Z,"27 km E of Chuquitira, Peru",earthquake,2.95,5.291,0.132,17,reviewed,us,us
2026-08-12T17:27:35.797Z,54.276,-160.5607,35,3.1,ml,45,217,1.157,0.62,us,us6000tkak,2026-08-12T21:52:02.040Z,"118 km S of Sand Point, Alaska",earthquake,5.18,2.015,0.077,22,reviewed,us,us
2026-08-12T15:15:31.570Z,52.915,-166.754,22.7,2.8,ml,31,228,0.9,0.4,ak,aka2026pxbkla,2026-08-12T20:40:23.275Z,"107 km S of Unalaska, Alaska",earthquake,5.9,3.2399,0.2,25,reviewed,ak,ak
2026-08-12T15:11:37.860Z,18.954833333333,-66.864166666667,35.12,3.04,md,11,293,0.5383,0.21,pr,pr71528298,2026-08-12T16:56:31.670Z,"52 km N of Hatillo, Puerto Rico",earthquake,1.07,3.3,0.084665463406568,7,reviewed,pr,pr
2026-08-12T15:11:36.546Z,57.839,-152.539,5,3,ml,72,152,0.7,0.8,ak,aka2026pxbhdx,2026-08-12T23:00:57.221Z,"8 km NNE of Kodiak Station, Alaska",earthquake,3.3,0,0.1,54,reviewed,ak,ak
2026-08-12T14:45:16.750Z,18.887166666667,-155.15433333333,10.89,3.22,ml,17,277,0.3949,0.15,hv,hv75018581,2026-08-12T17:25:24.590Z,"48 km SE of Pāhala, Hawaii",earthquake,0.7,0.73,0.18986917163075,14,reviewed,hv,hv
2026-08-12T12:59:36.650Z,18.614,-67.210166666667,82.29,2.82,md,12,232,0.1734,0.19,pr,pr71528278,2026-08-12T13:13:51.570Z,"17 km NW of San Antonio, Puerto Rico",earthquake,1.3,0.83,0.18127484747295,9,reviewed,pr,pr
2026-08-12T12:44:33.400Z,18.029833333333,-66.752166666667,11.77,2.46,md,20,123,0.03871,0.22,pr,pr71528273,2026-08-12T13:00:17.510Z,"2 km NE of Magas Arriba, Puerto Rico",earthquake,0.33,0.56,0.22457664123731,10,reviewed,pr,pr
2026-08-12T12:42:26.674Z,-23.4416,-179.7774,526.828,4.3,mb,29,145,6.021,1.01,us,us6000tk7a,2026-08-12T13:22:46.040Z,"south of the Fiji Islands",earthquake,15.69,7.898,0.105,26,reviewed,us,us
2026-08-12T11:56:29.774Z,13.9641,-92.3028,35,4.6,mb,68,185,2.31,1.15,us,us6000tk75,2026-08-12T15:13:08.040Z,"55 km SW of Champerico, Guatemala",earthquake,7.9,1.974,0.03,325,reviewed,us,us
2026-08-12T11:50:31.190Z,18.119,-64.752,12.26,3.04,md,8,141,0.3028,0.37,pr,pr71528248,2026-08-12T13:39:30.060Z,"23 km S of Cruz Bay, U.S. Virgin Islands",earthquake,0.84,1.34,0.14163743296905,4,reviewed,pr,pr
2026-08-12T11:47:12.117Z,-60.2445,-28.9899,10,6,mww,76,64,7.224,0.56,us,us6000tk74,2026-08-13T11:53:26.966Z,"South Sandwich Islands region",earthquake,10.32,1.808,0.066,22,reviewed,us,us
2026-08-12T10:30:10.120Z,38.812168121338,-122.80816650391,2.8900001049042,3.22,ml,79,22,0.01089,0.08,nc,nc75416682,2026-08-14T00:22:20.423Z,"6 km NW of The Geysers, CA",earthquake,0.13,0.189999998,0.16,14,automatic,nc,nc
2026-08-12T10:28:21.440Z,38.813835144043,-122.80633544922,2.789999961853,3.2,ml,87,23,0.01042,0.09,nc,nc75416672,2026-08-12T14:49:25.529Z,"6 km NW of The Geysers, CA",earthquake,0.12,0.189999998,0.19,20,automatic,nc,nc
2026-08-12T10:15:28.554Z,-2.6342,127.7768,10,4.5,mb,28,65,2.833,0.52,us,us6000tk6n,2026-08-12T13:35:04.040Z,"125 km NNW of Ambon, Indonesia",earthquake,8.73,1.91,0.124,19,reviewed,us,us
2026-08-12T08:44:20.980Z,40.340000152588,-125.07333374023,5.6900000572205,2.49,md,8,309,0.5611,0.08,nc,nc75416622,2026-08-12T09:07:19.747Z,"67 km W of Petrolia, CA",earthquake,6.75,6.11000013,0.03,9,automatic,nc,nc
2026-08-12T08:39:22.130Z,18.204,-64.765,13.99,2.61,md,4,232,0.2343,0.13,pr,pr71528233,2026-08-12T10:34:30.770Z,"14 km SSE of Cruz Bay, U.S. Virgin Islands",earthquake,1.46,13.52,0.18310449013581,4,reviewed,pr,pr
